Nutrient Name,Value,Unit
Protein,21.2,G
Total lipid (fat),6.12,G
"Carbohydrate, by difference",7.46,G
Energy,177.0,KCAL
"Alcohol, ethyl",0.0,G
Water,62.7,G
Caffeine,0.0,MG
Theobromine,0.0,MG
"Sugars, total including NLEA",0.0,G
"Fiber, total dietary",0.0,G
"Calcium, Ca",39.0,MG
"Iron, Fe",3.97,MG
"Magnesium, Mg",60.0,MG
"Phosphorus, P",236.0,MG
"Potassium, K",310.0,MG
"Sodium, Na",574.0,MG
"Zinc, Zn",1.02,MG
"Copper, Cu",0.243,MG
"Selenium, Se",55.6,UG
Retinol,2.0,UG
"Vitamin A, RAE",2.0,UG
"Carotene, beta",0.0,UG
"Carotene, alpha",0.0,UG
Vitamin E (alpha-tocopherol),5.8,MG
Vitamin D (D2 + D3),0.0,UG
"Cryptoxanthin, beta",0.0,UG
Lycopene,0.0,UG
Lutein + zeaxanthin,0.0,UG
"Vitamin C, total ascorbic acid",2.0,MG
Thiamin,0.201,MG
Riboflavin,0.118,MG
Niacin,1.77,MG
Vitamin B-6,0.168,MG
"Folate, total",5.0,UG
Vitamin B-12,0.77,UG
"Choline, total",80.7,MG
Vitamin K (phylloquinone),34.2,UG
Folic acid,0.0,UG
"Folate, food",5.0,UG
"Folate, DFE",5.0,UG
"Vitamin E, added",0.0,MG
"Vitamin B-12, added",0.0,UG
Cholesterol,106.0,MG
"Fatty acids, total saturated",0.892,G
SFA 4:0,0.0,G
SFA 6:0,0.0,G
SFA 8:0,0.0,G
SFA 10:0,0.0,G
SFA 12:0,0.0,G
SFA 14:0,0.031,G
SFA 16:0,0.639,G
SFA 18:0,0.177,G
MUFA 18:1,2.14,G
PUFA 18:2,1.85,G
PUFA 18:3,0.243,G
PUFA 20:4,0.0,G
PUFA 22:6 n-3 (DHA),0.0,G
MUFA 16:1,0.043,G
PUFA 18:4,0.007,G
MUFA 20:1,0.036,G
PUFA 20:5 n-3 (EPA),0.061,G
MUFA 22:1,0.0,G
PUFA 22:5 n-3 (DPA),0.051,G
"Fatty acids, total monounsaturated",2.22,G
"Fatty acids, total polyunsaturated",2.21,G
"Vitamin A, IU",100.0,IU
Energy,290.0,kJ
"Carbohydrate, by difference",17.6,G
Energy,69.0,KCAL
Retinol,0.0,UG
"Vitamin A, RAE",5.0,UG
"Fatty acids, total trans",0.0,G
"Calcium, Ca",8.0,MG
"Potassium, K",304.0,MG
"Zinc, Zn",0.31,MG
Sucrose,0.05,G
Glucose,4.5,G
Maltose,0.2,G
Water,79.9,G
Total lipid (fat),0.1,G
Protein,1.5,G
Ash,0.9,G
Fructose,3.8,G
"Fatty acids, total saturated",0.014,G
"Carotene, beta",60.0,UG
"Carotene, alpha",0.0,UG
"Vitamin C, total ascorbic acid",54.1,MG
"Fiber, total dietary",5.3,G
"Iron, Fe",1.61,MG
"Magnesium, Mg",24.0,MG
"Phosphorus, P",47.0,MG
"Sodium, Na",20.0,MG
"Copper, Cu",0.057,MG
"Manganese, Mn",0.182,MG
"Sugars, total including NLEA",8.55,G
Lactose,0.0,G
Galactose,0.0,G
Energy,96.0,kJ
Folic acid,0.0,UG
SFA 4:0,0.0,G
SFA 6:0,0.0,G
SFA 10:0,0.0,G
SFA 16:0,0.048,G
SFA 18:0,0.016,G
MUFA 18:1,0.081,G
PUFA 18:2,0.046,G
PUFA 18:3,0.044,G
PUFA 20:4,0.0,G
PUFA 18:4,0.0,G
MUFA 20:1,0.0,G
MUFA 22:1,0.0,G
"Fatty acids, total monounsaturated",0.082,G
"Fatty acids, total saturated",0.068,G
SFA 8:0,0.0,G
SFA 12:0,0.0,G
SFA 14:0,0.002,G
PUFA 22:6 n-3 (DHA),0.0,G
MUFA 16:1,0.001,G
PUFA 20:5 n-3 (EPA),0.0,G
PUFA 22:5 n-3 (DPA),0.0,G
"Vitamin A, RAE",25.0,UG
"Carotene, beta",305.0,UG
"Carotene, alpha",0.0,UG
"Cryptoxanthin, beta",0.0,UG
Lycopene,0.0,UG
Vitamin K (phylloquinone),1.4,UG
"Folate, food",14.0,UG
Vitamin E (alpha-tocopherol),0.18,MG
Lutein + zeaxanthin,17.0,UG
"Folate, DFE",14.0,UG
Caffeine,0.0,MG
Theobromine,0.0,MG
"Sugars, total including NLEA",4.5,G
"Zinc, Zn",0.1,MG
"Fatty acids, total polyunsaturated",0.09,G
"Folate, total",14.0,UG
"Copper, Cu",0.086,MG
"Alcohol, ethyl",0.0,G
Energy,23.0,KCAL
Retinol,0.0,UG
"Fatty acids, total trans",0.0,G
Protein,0.4,G
Ash,0.2,G
"Fiber, total dietary",0.3,G
"Iron, Fe",0.5,MG
"Magnesium, Mg",12.0,MG
"Phosphorus, P",9.0,MG
"Sodium, Na",3.0,MG
"Vitamin A, IU",509.0,IU
Vitamin B-12,0.0,UG
"Vitamin C, total ascorbic acid",1600.0,MG
Thiamin,0.02,MG
Riboflavin,0.06,MG
Cholesterol,0.0,MG
Total lipid (fat),0.3,G
"Carbohydrate, by difference",4.8,G
Water,94.3,G
"Calcium, Ca",10.0,MG
"Potassium, K",97.0,MG
Niacin,0.4,MG
Pantothenic acid,0.205,MG
Vitamin B-6,0.004,MG
"Vitamin E, added",0.0,MG
"Vitamin B-12, added",0.0,UG
"Selenium, Se",0.1,UG
Energy,134.0,kJ
Folic acid,0.0,UG
"Folate, DFE",14.0,UG
"Fatty acids, total saturated",0.068,G
SFA 8:0,0.0,G
SFA 12:0,0.0,G
SFA 14:0,0.002,G
PUFA 22:6 n-3 (DHA),0.0,G
MUFA 16:1,0.001,G
PUFA 20:5 n-3 (EPA),0.0,G
PUFA 22:5 n-3 (DPA),0.0,G
SFA 4:0,0.0,G
SFA 6:0,0.0,G
SFA 10:0,0.0,G
SFA 16:0,0.048,G
SFA 18:0,0.016,G
MUFA 18:1,0.081,G
PUFA 18:2,0.046,G
PUFA 18:3,0.044,G
PUFA 20:4,0.0,G
PUFA 18:4,0.0,G
MUFA 20:1,0.0,G
MUFA 22:1,0.0,G
"Fatty acids, total monounsaturated",0.082,G
"Alcohol, ethyl",0.0,G
"Copper, Cu",0.086,MG
"Folate, total",14.0,UG
"Folate, food",14.0,UG
"Zinc, Zn",0.1,MG
"Fatty acids, total polyunsaturated",0.09,G
Retinol,0.0,UG
"Vitamin A, RAE",38.0,UG
"Fatty acids, total trans",0.0,G
Total lipid (fat),0.3,G
"Carbohydrate, by difference",7.69,G
Energy,32.0,KCAL
Water,91.4,G
"Calcium, Ca",12.0,MG
"Potassium, K",146.0,MG
Niacin,0.4,MG
Pantothenic acid,0.309,MG
Vitamin B-6,0.009,MG
Protein,0.4,G
Ash,0.2,G
"Vitamin A, IU",767.0,IU
"Fiber, total dietary",1.1,G
"Iron, Fe",0.2,MG
"Magnesium, Mg",18.0,MG
"Phosphorus, P",11.0,MG
"Sodium, Na",7.0,MG
"Vitamin C, total ascorbic acid",1680.0,MG
Thiamin,0.02,MG
Riboflavin,0.06,MG
Cholesterol,0.0,MG
Vitamin B-12,0.0,UG
"Selenium, Se",0.6,UG
Vitamin K (Dihydrophylloquinone),0.0,UG
Vitamin K (phylloquinone),0.0,UG
"Folate, food",18.0,UG
Tryptophan,0.04,G
Threonine,0.36,G
Methionine,0.16,G
Phenylalanine,0.33,G
Tyrosine,0.25,G
Alanine,0.45,G
Glutamic acid,1.51,G
Glycine,0.42,G
Proline,0.46,G
"Vitamin B-12, added",0.0,UG
Cholesterol,20.0,MG
"Fatty acids, total saturated",1.28,G
SFA 8:0,0.0,G
SFA 12:0,0.0,G
SFA 14:0,0.09,G
PUFA 22:6 n-3 (DHA),0.0,G
SFA 22:0,0.0,G
MUFA 14:1,0.02,G
MUFA 16:1,0.11,G
PUFA 20:5 n-3 (EPA),0.0,G
PUFA 22:5 n-3 (DPA),0.0,G
SFA 17:0,0.04,G
SFA 24:0,0.0,G
MUFA 24:1 c,0.0,G
MUFA 17:1,0.03,G
MUFA 15:1,0.0,G
PUFA 22:4,0.0,G
Protein,6.81,G
Ash,0.72,G
Starch,6.57,G
Fructose,0.0,G
Lactose,0.0,G
Energy,399.0,kJ
Galactose,0.0,G
"Fiber, total dietary",0.7,G
"Iron, Fe",1.0,MG
"Magnesium, Mg",12.0,MG
"Phosphorus, P",62.0,MG
"Sodium, Na",130.0,MG
"Copper, Cu",0.03,MG
"Manganese, Mn",0.14,MG
"Vitamin A, IU",0.0,IU
Retinol,0.0,UG
"Vitamin A, RAE",0.0,UG
"Tocopherol, delta",0.05,MG
"Tocotrienol, gamma",0.0,MG
"Tocotrienol, delta",0.0,MG
"Vitamin C, total ascorbic acid",0.0,MG
Thiamin,0.175,MG
Riboflavin,0.125,MG
"Folate, total",33.0,UG
Vitamin B-12,0.68,UG
Total lipid (fat),3.47,G
"Carbohydrate, by difference",9.22,G
Energy,95.0,KCAL
Sucrose,0.16,G
Glucose,0.0,G
Maltose,0.19,G
Water,79.8,G
"Sugars, total including NLEA",0.34,G
"Calcium, Ca",14.0,MG
"Potassium, K",110.0,MG
"Zinc, Zn",1.6,MG
"Selenium, Se",8.3,UG
Vitamin E (alpha-tocopherol),0.3,MG
"Tocopherol, beta",0.12,MG
"Tocopherol, gamma",0.23,MG
"Tocotrienol, alpha",0.02,MG
"Tocotrienol, beta",0.0,MG
Niacin,2.14,MG
Pantothenic acid,0.212,MG
Vitamin B-6,0.055,MG
Vitamin K (Menaquinone-4),0.9,UG
Folic acid,15.0,UG
Isoleucine,0.35,G
Leucine,0.62,G
Lysine,0.58,G
Cystine,0.09,G
Valine,0.39,G
Arginine,0.47,G
Histidine,0.23,G
Aspartic acid,0.83,G
Serine,0.33,G
"Vitamin E, added",0.0,MG
SFA 10:0,0.0,G
SFA 16:0,0.75,G
SFA 18:0,0.39,G
SFA 20:0,0.0,G
MUFA 18:1,1.51,G
PUFA 18:2,0.26,G
PUFA 18:3,0.01,G
PUFA 20:4,0.0,G
PUFA 18:4,0.02,G
MUFA 20:1,0.01,G
MUFA 22:1,0.0,G
"Fatty acids, total monounsaturated",1.68,G
"Fatty acids, total polyunsaturated",0.297,G
SFA 15:0,0.01,G
"PUFA 20:2 n-6 c,c",0.007,G
PUFA 20:3,0.0,G
PUFA 21:5,0.0,G
"Folate, DFE",44.0,UG
Protein,16.9,G
Total lipid (fat),7.66,G
"Carbohydrate, by difference",8.14,G
Energy,172.0,KCAL
"Alcohol, ethyl",0.0,G
Water,65.3,G
Caffeine,0.0,MG
Theobromine,0.0,MG
"Sugars, total including NLEA",0.03,G
"Fiber, total dietary",0.4,G
"Calcium, Ca",15.0,MG
"Iron, Fe",0.99,MG
"Magnesium, Mg",18.0,MG
"Phosphorus, P",149.0,MG
"Potassium, K",200.0,MG
"Sodium, Na",510.0,MG
"Zinc, Zn",2.39,MG
"Copper, Cu",0.085,MG
"Selenium, Se",23.1,UG
Retinol,4.0,UG
"Vitamin A, RAE",4.0,UG
"Carotene, beta",0.0,UG
"Carotene, alpha",0.0,UG
Vitamin E (alpha-tocopherol),0.2,MG
Vitamin D (D2 + D3),0.3,UG
"Cryptoxanthin, beta",0.0,UG
Lycopene,0.0,UG
Lutein + zeaxanthin,0.0,UG
"Vitamin C, total ascorbic acid",0.0,MG
Thiamin,0.192,MG
Riboflavin,0.204,MG
Niacin,3.06,MG
Vitamin B-6,0.216,MG
"Folate, total",3.0,UG
Vitamin B-12,0.43,UG
"Choline, total",57.1,MG
Vitamin K (phylloquinone),0.0,UG
Folic acid,0.0,UG
"Folate, food",3.0,UG
"Folate, DFE",3.0,UG
"Vitamin E, added",0.0,MG
"Vitamin B-12, added",0.0,UG
Cholesterol,72.0,MG
"Fatty acids, total saturated",2.48,G
SFA 4:0,0.0,G
SFA 6:0,0.0,G
SFA 8:0,0.0,G
SFA 10:0,0.004,G
SFA 12:0,0.004,G
SFA 14:0,0.071,G
SFA 16:0,1.68,G
SFA 18:0,0.697,G
MUFA 18:1,3.07,G
PUFA 18:2,0.867,G
PUFA 18:3,0.046,G
PUFA 20:4,0.04,G
PUFA 22:6 n-3 (DHA),0.0,G
MUFA 16:1,0.353,G
PUFA 18:4,0.0,G
MUFA 20:1,0.04,G
PUFA 20:5 n-3 (EPA),0.0,G
MUFA 22:1,0.0,G
PUFA 22:5 n-3 (DPA),0.0,G
"Fatty acids, total monounsaturated",3.47,G
"Fatty acids, total polyunsaturated",0.973,G
Protein,17.7,G
Total lipid (fat),7.94,G
"Carbohydrate, by difference",8.86,G
Energy,181.0,KCAL
"Alcohol, ethyl",0.0,G
Water,63.3,G
Caffeine,0.0,MG
Theobromine,0.0,MG
"Sugars, total including NLEA",0.03,G
"Fiber, total dietary",0.2,G
"Calcium, Ca",18.0,MG
"Iron, Fe",1.34,MG
"Magnesium, Mg",21.0,MG
"Phosphorus, P",161.0,MG
"Potassium, K",216.0,MG
"Sodium, Na",522.0,MG
"Zinc, Zn",2.54,MG
"Copper, Cu",0.096,MG
"Selenium, Se",24.6,UG
Retinol,4.0,UG
"Vitamin A, RAE",4.0,UG
"Carotene, beta",0.0,UG
"Carotene, alpha",0.0,UG
Vitamin E (alpha-tocopherol),0.21,MG
Vitamin D (D2 + D3),0.4,UG
"Cryptoxanthin, beta",0.0,UG
Lycopene,0.0,UG
Lutein + zeaxanthin,0.0,UG
"Vitamin C, total ascorbic acid",0.0,MG
Thiamin,0.242,MG
Riboflavin,0.213,MG
Niacin,3.59,MG
Vitamin B-6,0.25,MG
"Folate, total",21.0,UG
Vitamin B-12,0.44,UG
"Choline, total",59.2,MG
Vitamin K (phylloquinone),0.0,UG
Folic acid,17.0,UG
"Folate, food",4.0,UG
"Folate, DFE",33.0,UG
"Vitamin E, added",0.0,MG
"Vitamin B-12, added",0.0,UG
Cholesterol,75.0,MG
"Fatty acids, total saturated",2.58,G
SFA 4:0,0.0,G
SFA 6:0,0.0,G
SFA 8:0,0.0,G
SFA 10:0,0.005,G
SFA 12:0,0.004,G
SFA 14:0,0.074,G
SFA 16:0,1.75,G
SFA 18:0,0.722,G
MUFA 18:1,3.2,G
PUFA 18:2,0.909,G
PUFA 18:3,0.05,G
PUFA 20:4,0.041,G
PUFA 22:6 n-3 (DHA),0.0,G
MUFA 16:1,0.366,G
PUFA 18:4,0.0,G
MUFA 20:1,0.041,G
PUFA 20:5 n-3 (EPA),0.0,G
MUFA 22:1,0.0,G
PUFA 22:5 n-3 (DPA),0.0,G
"Fatty acids, total monounsaturated",3.61,G
"Fatty acids, total polyunsaturated",1.02,G
Protein,0.09,G
Total lipid (fat),0.45,G
"Carbohydrate, by difference",76.4,G
Energy,310.0,KCAL
"Alcohol, ethyl",0.0,G
Water,22.9,G
Caffeine,0.0,MG
Theobromine,0.0,MG
"Sugars, total including NLEA",68.0,G
"Fiber, total dietary",0.2,G
"Calcium, Ca",1.0,MG
"Iron, Fe",0.09,MG
"Magnesium, Mg",1.0,MG
"Phosphorus, P",1.0,MG
"Potassium, K",4.0,MG
"Sodium, Na",4.0,MG
"Zinc, Zn",0.01,MG
"Copper, Cu",0.009,MG
"Selenium, Se",1.7,UG
Retinol,0.0,UG
"Vitamin A, RAE",8.0,UG
"Carotene, beta",94.0,UG
"Carotene, alpha",0.0,UG
Vitamin E (alpha-tocopherol),0.98,MG
Vitamin D (D2 + D3),0.0,UG
"Cryptoxanthin, beta",0.0,UG
Lycopene,0.0,UG
Lutein + zeaxanthin,0.0,UG
"Vitamin C, total ascorbic acid",17.0,MG
Thiamin,0.122,MG
Riboflavin,0.165,MG
Niacin,0.689,MG
Vitamin B-6,0.234,MG
"Folate, total",30.0,UG
Vitamin B-12,0.0,UG
"Choline, total",13.3,MG
Vitamin K (phylloquinone),22.5,UG
Folic acid,0.0,UG
"Folate, food",30.0,UG
"Folate, DFE",30.0,UG
"Vitamin E, added",0.0,MG
"Vitamin B-12, added",0.0,UG
Cholesterol,0.0,MG
"Fatty acids, total saturated",0.0,G
SFA 4:0,0.0,G
SFA 6:0,0.0,G
SFA 8:0,0.0,G
SFA 10:0,0.0,G
SFA 12:0,0.0,G
SFA 14:0,0.0,G
SFA 16:0,0.0,G
SFA 18:0,0.0,G
MUFA 18:1,0.0,G
PUFA 18:2,0.0,G
PUFA 18:3,0.0,G
PUFA 20:4,0.0,G
PUFA 22:6 n-3 (DHA),0.0,G
MUFA 16:1,0.0,G
PUFA 18:4,0.0,G
MUFA 20:1,0.0,G
PUFA 20:5 n-3 (EPA),0.0,G
MUFA 22:1,0.0,G
PUFA 22:5 n-3 (DPA),0.0,G
"Fatty acids, total monounsaturated",0.0,G
"Fatty acids, total polyunsaturated",0.0,G
"Vitamin D (D2 + D3), International Units",0.0,IU
Vitamin D (D2 + D3),0.0,UG
Total lipid (fat),0.29,G
"Carbohydrate, by difference",32.0,G
Energy,135.0,KCAL
Sucrose,1.72,G
Glucose,1.58,G
Maltose,0.0,G
Water,65.4,G
Caffeine,0.0,MG
Theobromine,0.0,MG
"Sugars, total including NLEA",20.9,G
"Calcium, Ca",460.0,MG
"Potassium, K",59.0,MG
"Zinc, Zn",0.25,MG
"Selenium, Se",0.2,UG
Vitamin E (alpha-tocopherol),0.36,MG
"Tocopherol, beta",0.0,MG
"Tocopherol, gamma",0.0,MG
"Tocotrienol, alpha",0.0,MG
"Tocotrienol, beta",0.0,MG
Niacin,0.162,MG
Pantothenic acid,0.041,MG
Vitamin B-6,0.087,MG
"Choline, total",8.8,MG
Folic acid,0.0,UG
"Folate, DFE",3.0,UG
Betaine,0.4,MG
"Vitamin E, added",0.0,MG
Energy,563.0,kJ
Galactose,0.0,G
"Fiber, total dietary",10.6,G
"Iron, Fe",3.55,MG
"Magnesium, Mg",39.0,MG
"Cryptoxanthin, beta",0.0,UG
Lycopene,0.0,UG
"Tocopherol, delta",0.0,MG
"Tocotrienol, gamma",0.0,MG
"Tocotrienol, delta",0.0,MG
"Vitamin C, total ascorbic acid",0.3,MG
Thiamin,0.012,MG
Riboflavin,0.099,MG
"Folate, total",3.0,UG
Vitamin B-12,0.0,UG
Vitamin K (Dihydrophylloquinone),0.0,UG
Vitamin K (phylloquinone),4.9,UG
"Folate, food",3.0,UG
"Vitamin B-12, added",0.0,UG
Cholesterol,0.0,MG
"Phosphorus, P",9.0,MG
"Sodium, Na",13.0,MG
"Copper, Cu",0.112,MG
"Manganese, Mn",0.142,MG
"Vitamin A, IU",113.0,IU
Retinol,0.0,UG
"Vitamin A, RAE",6.0,UG
"Carotene, beta",68.0,UG
"Carotene, alpha",0.0,UG
Protein,0.99,G
Ash,1.32,G
Starch,0.24,G
Fructose,17.6,G
Lactose,0.0,G
"Alcohol, ethyl",0.0,G
"Vitamin D (D2 + D3), International Units",0.0,IU
Vitamin D (D2 + D3),0.0,UG
Protein,1.71,G
Ash,3.98,G
Starch,0.91,G
Fructose,42.8,G
Lactose,0.0,G
"Alcohol, ethyl",0.0,G
Energy,1430.0,kJ
Galactose,0.0,G
"Fiber, total dietary",15.6,G
"Iron, Fe",3.64,MG
"Magnesium, Mg",207.0,MG
"Phosphorus, P",37.0,MG
"Sodium, Na",14.0,MG
"Copper, Cu",0.189,MG
"Manganese, Mn",0.337,MG
"Vitamin A, IU",18.0,IU
Retinol,0.0,UG
"Vitamin A, RAE",1.0,UG
"Carotene, beta",11.0,UG
"Carotene, alpha",0.0,UG
"Cryptoxanthin, beta",0.0,UG
Lycopene,0.0,UG
"Tocopherol, delta",0.0,MG
"Tocotrienol, gamma",0.0,MG
"Tocotrienol, delta",0.0,MG
"Vitamin C, total ascorbic acid",0.3,MG
Thiamin,0.021,MG
Riboflavin,0.644,MG
"Folate, total",7.0,UG
Vitamin B-12,0.0,UG
Vitamin K (Dihydrophylloquinone),0.0,UG
Vitamin K (phylloquinone),0.5,UG
"Folate, food",7.0,UG
"Vitamin B-12, added",0.0,UG
Cholesterol,0.0,MG
Total lipid (fat),0.69,G
"Carbohydrate, by difference",82.0,G
Energy,341.0,KCAL
Sucrose,4.39,G
Glucose,3.48,G
Maltose,0.0,G
Water,11.6,G
Caffeine,0.0,MG
Theobromine,0.0,MG
"Sugars, total including NLEA",50.7,G
"Calcium, Ca",770.0,MG
"Potassium, K",767.0,MG
"Zinc, Zn",12.1,MG
"Selenium, Se",0.6,UG
Vitamin E (alpha-tocopherol),0.76,MG
"Tocopherol, beta",0.0,MG
"Tocopherol, gamma",0.03,MG
"Tocotrienol, alpha",0.0,MG
"Tocotrienol, beta",0.0,MG
Niacin,0.87,MG
Pantothenic acid,0.15,MG
Vitamin B-6,0.216,MG
Folic acid,0.0,UG
"Folate, DFE",7.0,UG
"Vitamin E, added",0.0,MG
"Vitamin D (D2 + D3), International Units",0.0,IU
Vitamin D (D2 + D3),0.0,UG
Protein,0.52,G
Ash,1.27,G
Starch,0.24,G
Fructose,0.98,G
Lactose,0.0,G
"Alcohol, ethyl",0.0,G
Energy,286.0,kJ
Galactose,0.0,G
"Fiber, total dietary",6.6,G
"Iron, Fe",1.8,MG
"Magnesium, Mg",55.0,MG
"Phosphorus, P",7.0,MG
"Sodium, Na",14.0,MG
"Copper, Cu",0.138,MG
"Manganese, Mn",0.094,MG
"Vitamin A, IU",37.0,IU
Retinol,0.0,UG
"Vitamin A, RAE",2.0,UG
"Carotene, beta",22.0,UG
"Carotene, alpha",0.0,UG
"Cryptoxanthin, beta",0.0,UG
Lycopene,0.0,UG
"Tocopherol, delta",0.0,MG
"Tocotrienol, gamma",0.0,MG
"Tocotrienol, delta",0.0,MG
"Vitamin C, total ascorbic acid",4.0,MG
Thiamin,0.029,MG
Riboflavin,0.039,MG
"Folate, total",7.0,UG
Vitamin B-12,0.0,UG
Vitamin K (Dihydrophylloquinone),0.0,UG
Vitamin K (phylloquinone),5.3,UG
"Folate, food",7.0,UG
Tryptophan,0.008,G
Threonine,0.014,G
Methionine,0.009,G
Phenylalanine,0.019,G
Tyrosine,0.009,G
Alanine,0.024,G
Glutamic acid,0.052,G
Glycine,0.019,G
Proline,0.013,G
"Vitamin B-12, added",0.0,UG
Cholesterol,0.0,MG
"Tocopherol, beta",0.0,MG
"Tocopherol, gamma",0.0,MG
"Tocotrienol, alpha",0.0,MG
"Tocotrienol, beta",0.0,MG
Niacin,0.162,MG
Pantothenic acid,0.041,MG
Vitamin B-6,0.055,MG
Folic acid,0.0,UG
"Folate, DFE",7.0,UG
Isoleucine,0.014,G
Leucine,0.025,G
Lysine,0.028,G
Cystine,0.008,G
Valine,0.022,G
Arginine,0.106,G
Histidine,0.008,G
Aspartic acid,0.041,G
Serine,0.021,G
"Vitamin E, added",0.0,MG
Total lipid (fat),0.15,G
"Carbohydrate, by difference",16.2,G
Energy,68.0,KCAL
Sucrose,0.41,G
Glucose,1.19,G
Maltose,0.0,G
Water,81.8,G
Caffeine,0.0,MG
Theobromine,0.0,MG
"Sugars, total including NLEA",2.58,G
"Calcium, Ca",417.0,MG
"Potassium, K",127.0,MG
"Zinc, Zn",0.15,MG
"Selenium, Se",0.4,UG
Vitamin E (alpha-tocopherol),0.23,MG
PUFA 18:2,16.1,G
PUFA 18:3,0.5,G
"Fatty acids, total monounsaturated",15.6,G
"Fatty acids, total polyunsaturated",17.3,G
Total lipid (fat),43.5,G
"Carbohydrate, by difference",10.5,G
Energy,470.0,KCAL
Water,34.0,G
"Potassium, K",206.0,MG
"Zinc, Zn",0.47,MG
Vitamin E (alpha-tocopherol),4.0,MG
Niacin,1.43,MG
Protein,9.0,G
Ash,3.0,G
Energy,1960.0,kJ
"Iron, Fe",0.2,MG
"Magnesium, Mg",16.0,MG
"Phosphorus, P",134.0,MG
"Sodium, Na",24.0,MG
"Copper, Cu",0.03,MG
"Vitamin A, IU",257.0,IU
Thiamin,0.06,MG
Riboflavin,0.06,MG
Cholesterol,26.0,MG
"Fatty acids, total saturated",8.6,G
"Vitamin A, RAE",34.0,UG
PUFA 18:2,7.1,G
PUFA 18:3,0.53,G
Protein,3.4,G
Ash,4.1,G
Energy,1480.0,kJ
"Fiber, total dietary",0.5,G
"Iron, Fe",0.3,MG
"Magnesium, Mg",7.0,MG
"Phosphorus, P",46.0,MG
"Sodium, Na",21.0,MG
"Copper, Cu",0.03,MG
"Manganese, Mn",0.13,MG
"Vitamin A, IU",696.0,IU
"Vitamin C, total ascorbic acid",2.9,MG
Thiamin,0.04,MG
Riboflavin,0.05,MG
"Folate, total",3.0,UG
"Folate, food",3.0,UG
Cholesterol,10.0,MG
"Fatty acids, total saturated",7.7,G
Total lipid (fat),31.8,G
"Carbohydrate, by difference",13.4,G
Energy,353.0,KCAL
Water,47.3,G
"Calcium, Ca",8.0,MG
"Potassium, K",70.0,MG
"Zinc, Zn",0.18,MG
Vitamin E (alpha-tocopherol),2.36,MG
Niacin,0.55,MG
Pantothenic acid,0.02,MG
Vitamin B-6,0.01,MG
"Fatty acids, total monounsaturated",14.4,G
"Fatty acids, total polyunsaturated",8.4,G
PUFA 18:2,0.51,G
PUFA 18:3,0.31,G
Total lipid (fat),18.6,G
"Carbohydrate, by difference",0.9,G
Water,55.2,G
"Calcium, Ca",16.0,MG
"Potassium, K",228.0,MG
"Zinc, Zn",3.83,MG
Niacin,4.26,MG
Pantothenic acid,1.95,MG
Vitamin B-6,0.23,MG
"Fatty acids, total monounsaturated",8.7,G
"Fatty acids, total polyunsaturated",3.6,G
Protein,21.7,G
Ash,3.6,G
Cholesterol,89.0,MG
"Fatty acids, total saturated",5.1,G
"Iron, Fe",4.55,MG
"Magnesium, Mg",20.0,MG
"Phosphorus, P",170.0,MG
"Sodium, Na",95.0,MG
"Copper, Cu",0.19,MG
"Manganese, Mn",0.06,MG
"Vitamin A, IU",559.0,IU
"Vitamin C, total ascorbic acid",2.2,MG
Thiamin,0.18,MG
Riboflavin,0.66,MG
"Folate, total",4.0,UG
Vitamin B-12,4.83,UG
"Folate, food",4.0,UG
Energy,1080.0,kJ
Energy,258.0,KCAL
Folic acid,0.0,UG
"Vitamin D (D2 + D3), International Units",0.0,IU
"Fluoride, F",45.3,UG
"Vitamin C, total ascorbic acid",0.0,MG
Thiamin,0.005,MG
Riboflavin,0.015,MG
"Folate, total",6.0,UG
Tryptophan,0.0,G
Threonine,0.0,G
Methionine,0.0,G
Phenylalanine,0.0,G
Tyrosine,0.0,G
Alanine,0.01,G
Glutamic acid,0.039,G
Glycine,0.011,G
Proline,0.029,G
Vitamin K (Dihydrophylloquinone),0.0,UG
Vitamin K (phylloquinone),0.0,UG
Galactose,0.0,G
"Fiber, total dietary",0.0,G
"Iron, Fe",0.03,MG
"Magnesium, Mg",5.0,MG
"Phosphorus, P",12.0,MG
"Sodium, Na",4.0,MG
"Copper, Cu",0.006,MG
"Manganese, Mn",0.006,MG
Starch,0.0,G
Fructose,0.0,G
Lactose,0.0,G
"Selenium, Se",0.4,UG
"Sugars, total including NLEA",0.09,G
"Calcium, Ca",4.0,MG
"Potassium, K",21.0,MG
"Zinc, Zn",0.01,MG
Total lipid (fat),0.0,G
Sucrose,0.0,G
Glucose,0.09,G
Maltose,0.0,G
Niacin,0.391,MG
Pantothenic acid,0.03,MG
Vitamin B-6,0.034,MG
Isoleucine,0.0,G
Leucine,0.0,G
Lysine,0.0,G
Cystine,0.0,G
Valine,0.0,G
Arginine,0.0,G
Histidine,0.0,G
Aspartic acid,0.013,G
Serine,0.0,G
Water,94.9,G
"Carbohydrate, by difference",1.64,G
Energy,29.0,KCAL
"Folate, food",6.0,UG
"Alcohol, ethyl",3.1,G
Energy,123.0,kJ
"Vitamin A, RAE",0.0,UG
Protein,0.24,G
Ash,0.09,G
SFA 4:0,0.0,G
SFA 6:0,0.0,G
SFA 10:0,0.0,G
SFA 16:0,0.0,G
SFA 18:0,0.0,G
MUFA 18:1,0.0,G
PUFA 18:2,0.0,G
PUFA 18:3,0.0,G
PUFA 20:4,0.0,G
PUFA 18:4,0.0,G
MUFA 20:1,0.0,G
MUFA 22:1,0.0,G
"Fatty acids, total monounsaturated",0.0,G
"Fatty acids, total polyunsaturated",0.0,G
"Vitamin A, IU",0.0,IU
Cholesterol,0.0,MG
"Fatty acids, total saturated",0.0,G
SFA 8:0,0.0,G
SFA 12:0,0.0,G
SFA 14:0,0.0,G
PUFA 22:6 n-3 (DHA),0.0,G
MUFA 16:1,0.0,G
PUFA 20:5 n-3 (EPA),0.0,G
PUFA 22:5 n-3 (DPA),0.0,G
Retinol,0.0,UG
"Fatty acids, total trans",0.0,G
"Vitamin B-12, added",0.0,UG
"Vitamin E, added",0.0,MG
Vitamin B-12,0.02,UG
"Folate, DFE",6.0,UG
"Choline, total",8.8,MG
Caffeine,0.0,MG
Theobromine,0.0,MG
Vitamin E (alpha-tocopherol),0.0,MG
Lutein + zeaxanthin,0.0,UG
"Carotene, beta",0.0,UG
"Carotene, alpha",0.0,UG
"Cryptoxanthin, beta",0.0,UG
Lycopene,0.0,UG
Vitamin D (D2 + D3),0.0,UG
Total lipid (fat),0.0,G
Glucose,0.0,G
Maltose,0.0,G
Water,95.0,G
"Calcium, Ca",3.0,MG
"Potassium, K",26.0,MG
"Zinc, Zn",0.0,MG
Protein,0.25,G
Ash,0.11,G
Starch,0.0,G
Fructose,0.0,G
"Alcohol, ethyl",3.3,G
"Fiber, total dietary",0.0,G
"Iron, Fe",0.0,MG
"Magnesium, Mg",7.0,MG
"Phosphorus, P",11.0,MG
"Sodium, Na",3.0,MG
"Copper, Cu",0.002,MG
Cholesterol,0.0,MG
"Manganese, Mn",0.006,MG
"Fatty acids, total trans",0.0,G
Energy,123.0,kJ
"Carbohydrate, by difference",1.3,G
Energy,29.0,KCAL
Total lipid (fat),0.0,G
"Carbohydrate, by difference",0.87,G
Energy,28.0,KCAL
Glucose,0.0,G
Maltose,0.0,G
Water,95.3,G
"Calcium, Ca",4.0,MG
"Potassium, K",26.0,MG
"Zinc, Zn",0.01,MG
Protein,0.2,G
Ash,0.08,G
Starch,0.0,G
Fructose,0.0,G
"Alcohol, ethyl",3.4,G
Energy,117.0,kJ
"Fiber, total dietary",0.0,G
"Iron, Fe",0.0,MG
"Magnesium, Mg",6.0,MG
"Sodium, Na",3.0,MG
"Copper, Cu",0.001,MG
"Manganese, Mn",0.007,MG
Cholesterol,0.0,MG
"Fatty acids, total trans",0.0,G
Protein,0.25,G
Ash,0.09,G
"Alcohol, ethyl",6.0,G
Energy,191.0,kJ
"Fiber, total dietary",0.0,G
"Iron, Fe",0.03,MG
"Magnesium, Mg",5.0,MG
"Phosphorus, P",12.0,MG
"Sodium, Na",4.0,MG
"Copper, Cu",0.006,MG
"Vitamin A, IU",0.0,IU
Retinol,0.0,UG
"Vitamin A, RAE",0.0,UG
"Carotene, beta",0.0,UG
"Carotene, alpha",0.0,UG
Vitamin D (D2 + D3),0.0,UG
"Cryptoxanthin, beta",0.0,UG
Lycopene,0.0,UG
"Vitamin C, total ascorbic acid",0.0,MG
Thiamin,0.005,MG
Riboflavin,0.015,MG
"Folate, total",6.0,UG
Vitamin B-12,0.02,UG
Vitamin K (phylloquinone),0.0,UG
"Folate, food",6.0,UG
"Vitamin B-12, added",0.0,UG
Cholesterol,0.0,MG
"Fatty acids, total saturated",0.0,G
SFA 8:0,0.0,G
SFA 12:0,0.0,G
SFA 14:0,0.0,G
PUFA 22:6 n-3 (DHA),0.0,G
MUFA 16:1,0.0,G
PUFA 20:5 n-3 (EPA),0.0,G
PUFA 22:5 n-3 (DPA),0.0,G
Total lipid (fat),0.0,G
"Carbohydrate, by difference",0.77,G
Energy,46.0,KCAL
Water,92.9,G
Caffeine,0.0,MG
Theobromine,0.0,MG
"Sugars, total including NLEA",0.09,G
"Calcium, Ca",4.0,MG
"Potassium, K",21.0,MG
"Zinc, Zn",0.01,MG
"Selenium, Se",0.4,UG
Vitamin E (alpha-tocopherol),0.0,MG
"Vitamin D (D2 + D3), International Units",0.0,IU
Lutein + zeaxanthin,0.0,UG
Niacin,0.391,MG
Vitamin B-6,0.034,MG
"Choline, total",8.8,MG
Folic acid,0.0,UG
"Folate, DFE",6.0,UG
"Vitamin E, added",0.0,MG
SFA 4:0,0.0,G
SFA 6:0,0.0,G
SFA 10:0,0.0,G
SFA 16:0,0.0,G
SFA 18:0,0.0,G
MUFA 18:1,0.0,G
PUFA 18:2,0.0,G
PUFA 18:3,0.0,G
PUFA 20:4,0.0,G
PUFA 18:4,0.0,G
MUFA 20:1,0.0,G
MUFA 22:1,0.0,G
"Fatty acids, total monounsaturated",0.0,G
"Fatty acids, total polyunsaturated",0.0,G
Protein,0.17,G
Ash,0.06,G
Starch,0.0,G
Fructose,0.0,G
Energy,112.0,kJ
"Fiber, total dietary",0.0,G
"Iron, Fe",0.0,MG
"Magnesium, Mg",4.0,MG
"Phosphorus, P",8.0,MG
"Sodium, Na",3.0,MG
"Copper, Cu",0.002,MG
"Manganese, Mn",0.005,MG
Cholesterol,0.0,MG
"Calcium, Ca",4.0,MG
"Potassium, K",17.0,MG
"Zinc, Zn",0.01,MG
Total lipid (fat),0.0,G
"Carbohydrate, by difference",0.73,G
Energy,27.0,KCAL
Glucose,0.0,G
Maltose,0.0,G
Water,95.4,G
"Fatty acids, total trans",0.0,G
"Fatty acids, total saturated",0.0,G
SFA 8:0,0.0,G
SFA 12:0,0.0,G
SFA 14:0,0.0,G
PUFA 22:6 n-3 (DHA),0.0,G
MUFA 16:1,0.0,G
PUFA 20:5 n-3 (EPA),0.0,G
PUFA 22:5 n-3 (DPA),0.0,G
"Vitamin A, IU",0.0,IU
Retinol,0.0,UG
"Vitamin A, RAE",0.0,UG
"Carotene, beta",0.0,UG
"Carotene, alpha",0.0,UG
Vitamin D (D2 + D3),0.0,UG
"Cryptoxanthin, beta",0.0,UG
Lycopene,0.0,UG
"Vitamin C, total ascorbic acid",0.0,MG
Thiamin,0.0,MG
Riboflavin,0.0,MG
"Folate, total",0.0,UG
Vitamin B-12,0.0,UG
Vitamin K (phylloquinone),0.0,UG
"Folate, food",0.0,UG
"Vitamin B-12, added",0.0,UG
"Alcohol, ethyl",3.3,G
"Selenium, Se",0.0,UG
Vitamin E (alpha-tocopherol),0.0,MG
"Vitamin D (D2 + D3), International Units",0.0,IU
Lutein + zeaxanthin,0.0,UG
Niacin,0.0,MG
Vitamin B-6,0.0,MG
"Choline, total",0.0,MG
Folic acid,0.0,UG
"Folate, DFE",0.0,UG
"Vitamin E, added",0.0,MG
SFA 4:0,0.0,G
SFA 6:0,0.0,G
SFA 10:0,0.0,G
SFA 16:0,0.0,G
SFA 18:0,0.0,G
MUFA 18:1,0.0,G
PUFA 18:2,0.0,G
PUFA 18:3,0.0,G
PUFA 20:4,0.0,G
PUFA 18:4,0.0,G
MUFA 20:1,0.0,G
MUFA 22:1,0.0,G
"Fatty acids, total monounsaturated",0.0,G
"Fatty acids, total polyunsaturated",0.0,G
Caffeine,0.0,MG
Theobromine,0.0,MG
"Sugars, total including NLEA",0.0,G
Folic acid,0.0,UG
"Vitamin D (D2 + D3), International Units",0.0,IU
"Alcohol, ethyl",3.9,G
Energy,181.0,kJ
"Vitamin A, RAE",0.0,UG
"Folate, food",6.0,UG
Protein,0.46,G
Ash,0.16,G
Water,92.0,G
"Fluoride, F",44.2,UG
"Carbohydrate, by difference",3.55,G
Energy,43.0,KCAL
Starch,0.0,G
Fructose,0.0,G
Lactose,0.0,G
Tryptophan,0.0,G
Threonine,0.0,G
Methionine,0.0,G
Phenylalanine,0.0,G
Tyrosine,0.0,G
Alanine,0.012,G
Glutamic acid,0.047,G
Glycine,0.013,G
Proline,0.035,G
"Vitamin C, total ascorbic acid",0.0,MG
Thiamin,0.005,MG
Riboflavin,0.025,MG
"Folate, total",6.0,UG
Vitamin K (Dihydrophylloquinone),0.0,UG
Vitamin K (phylloquinone),0.0,UG
Galactose,0.0,G
"Fiber, total dietary",0.0,G
"Iron, Fe",0.02,MG
"Magnesium, Mg",6.0,MG
"Phosphorus, P",14.0,MG
"Sodium, Na",4.0,MG
"Copper, Cu",0.005,MG
"Manganese, Mn",0.008,MG
Sucrose,0.0,G
Glucose,0.0,G
Maltose,0.0,G
Total lipid (fat),0.0,G
"Selenium, Se",0.6,UG
"Sugars, total including NLEA",0.0,G
"Calcium, Ca",4.0,MG
"Potassium, K",27.0,MG
"Zinc, Zn",0.01,MG
Niacin,0.513,MG
Pantothenic acid,0.041,MG
Vitamin B-6,0.046,MG
Isoleucine,0.0,G
Leucine,0.0,G
Lysine,0.0,G
Cystine,0.0,G
Valine,0.0,G
Arginine,0.0,G
Histidine,0.0,G
Aspartic acid,0.016,G
Serine,0.0,G
"Fatty acids, total saturated",0.0,G
SFA 8:0,0.0,G
SFA 12:0,0.0,G
SFA 14:0,0.0,G
PUFA 22:6 n-3 (DHA),0.0,G
MUFA 16:1,0.0,G
PUFA 20:5 n-3 (EPA),0.0,G
PUFA 22:5 n-3 (DPA),0.0,G
"Vitamin A, IU",0.0,IU
Cholesterol,0.0,MG
Vitamin B-12,0.02,UG
SFA 4:0,0.0,G
SFA 6:0,0.0,G
SFA 10:0,0.0,G
SFA 16:0,0.0,G
SFA 18:0,0.0,G
MUFA 18:1,0.0,G
PUFA 18:2,0.0,G
PUFA 18:3,0.0,G
PUFA 20:4,0.0,G
PUFA 18:4,0.0,G
MUFA 20:1,0.0,G
MUFA 22:1,0.0,G
"Fatty acids, total monounsaturated",0.0,G
"Fatty acids, total polyunsaturated",0.0,G
Retinol,0.0,UG
"Fatty acids, total trans",0.0,G
"Vitamin E, added",0.0,MG
"Vitamin B-12, added",0.0,UG
"Folate, DFE",6.0,UG
"Choline, total",10.1,MG
"Cryptoxanthin, beta",0.0,UG
Lycopene,0.0,UG
"Tocopherol, delta",0.0,MG
"Carotene, beta",0.0,UG
"Carotene, alpha",0.0,UG
Lutein + zeaxanthin,0.0,UG
"Tocopherol, beta",0.0,MG
"Tocopherol, gamma",0.0,MG
Vitamin E (alpha-tocopherol),0.0,MG
Caffeine,0.0,MG
Theobromine,0.0,MG
Vitamin D (D2 + D3),0.0,UG
Total lipid (fat),0.0,G
"Carbohydrate, by difference",2.97,G
Energy,41.0,KCAL
Glucose,0.0,G
Maltose,0.0,G
Water,92.8,G
"Calcium, Ca",4.0,MG
"Potassium, K",33.0,MG
"Zinc, Zn",0.0,MG
Protein,0.36,G
Ash,0.11,G
Starch,0.0,G
Fructose,0.0,G
"Alcohol, ethyl",3.9,G
Energy,170.0,kJ
"Fiber, total dietary",0.0,G
"Iron, Fe",0.0,MG
"Magnesium, Mg",7.0,MG
"Phosphorus, P",13.0,MG
"Sodium, Na",3.0,MG
"Copper, Cu",0.003,MG
"Manganese, Mn",0.009,MG
Cholesterol,0.0,MG
"Fatty acids, total trans",0.0,G
Folic acid,0.0,UG
Energy,1550.0,kJ
PUFA 20:4,0.0,G
PUFA 18:4,0.0,G
MUFA 20:1,0.0,G
MUFA 22:1,0.0,G
SFA 4:0,0.0,G
SFA 6:0,0.0,G
SFA 10:0,0.0,G
SFA 8:0,0.0,G
SFA 12:0,0.0,G
SFA 14:0,0.0,G
PUFA 22:6 n-3 (DHA),0.0,G
MUFA 16:1,0.0,G
PUFA 20:5 n-3 (EPA),0.0,G
PUFA 22:5 n-3 (DPA),0.0,G
"Vitamin D (D2 + D3), International Units",0.0,IU
"Vitamin C, total ascorbic acid",0.0,MG
Thiamin,0.0,MG
Riboflavin,0.0,MG
"Folate, total",0.0,UG
Vitamin B-12,0.0,UG
"Fiber, total dietary",0.0,G
"Iron, Fe",0.07,MG
"Magnesium, Mg",0.0,MG
"Phosphorus, P",0.0,MG
"Sodium, Na",5.0,MG
"Copper, Cu",0.08,MG
"Manganese, Mn",0.04,MG
"Vitamin A, IU",0.0,IU
Protein,0.0,G
Cholesterol,0.0,MG
"Alcohol, ethyl",29.8,G
"Fatty acids, total saturated",0.014,G
"Folate, food",0.0,UG
Tryptophan,0.0,G
Threonine,0.0,G
Methionine,0.0,G
Phenylalanine,0.0,G
Tyrosine,0.0,G
Alanine,0.0,G
Glutamic acid,0.0,G
Glycine,0.0,G
Proline,0.0,G
Niacin,0.003,MG
Pantothenic acid,0.0,MG
Vitamin B-6,0.0,MG
Total lipid (fat),0.3,G
"Carbohydrate, by difference",41.6,G
Energy,371.0,KCAL
Water,28.3,G
"Calcium, Ca",0.0,MG
"Potassium, K",0.0,MG
"Zinc, Zn",0.04,MG
SFA 16:0,0.01,G
SFA 18:0,0.003,G
MUFA 18:1,0.015,G
PUFA 18:2,0.058,G
PUFA 18:3,0.109,G
Isoleucine,0.0,G
Leucine,0.0,G
Lysine,0.0,G
Cystine,0.0,G
Valine,0.0,G
Arginine,0.0,G
Histidine,0.0,G
Aspartic acid,0.0,G
Serine,0.0,G
"Fatty acids, total monounsaturated",0.015,G
"Fatty acids, total polyunsaturated",0.167,G
Ash,0.01,G
"Vitamin A, RAE",0.0,UG
Retinol,0.0,UG
"Vitamin E, added",0.0,MG
"Vitamin B-12, added",0.0,UG
"Fatty acids, total trans",0.0,G
"Carotene, beta",0.0,UG
"Carotene, alpha",0.0,UG
Vitamin K (phylloquinone),0.0,UG
"Cryptoxanthin, beta",0.0,UG
Lycopene,0.0,UG
Vitamin E (alpha-tocopherol),0.0,MG
Lutein + zeaxanthin,0.0,UG
Caffeine,0.0,MG
Theobromine,0.0,MG
Vitamin D (D2 + D3),0.0,UG
"Selenium, Se",0.4,UG
"Sugars, total including NLEA",41.6,G
"Choline, total",0.0,MG
"Folate, DFE",0.0,UG
Energy,523.0,kJ
Folic acid,0.0,UG
"Folate, DFE",1.0,UG
"Fiber, total dietary",0.0,G
"Iron, Fe",0.01,MG
"Magnesium, Mg",1.0,MG
"Phosphorus, P",2.0,MG
"Sodium, Na",40.0,MG
"Copper, Cu",0.016,MG
"Manganese, Mn",0.005,MG
"Vitamin A, IU",2.0,IU
"Vitamin C, total ascorbic acid",1.3,MG
Thiamin,0.001,MG
Riboflavin,0.001,MG
"Folate, total",1.0,UG
Vitamin B-12,0.0,UG
"Folate, food",1.0,UG
Cholesterol,0.0,MG
Protein,0.0,G
Ash,0.1,G
"Alcohol, ethyl",9.6,G
"Fatty acids, total saturated",0.0,G
Total lipid (fat),0.0,G
"Carbohydrate, by difference",15.7,G
Energy,125.0,KCAL
Water,74.6,G
"Calcium, Ca",0.0,MG
"Potassium, K",11.0,MG
"Zinc, Zn",0.03,MG
Niacin,0.014,MG
Pantothenic acid,0.007,MG
Vitamin B-6,0.003,MG
Retinol,0.0,UG
"Vitamin A, RAE",0.0,UG
"Fatty acids, total trans",0.0,G
"Selenium, Se",0.1,UG
Retinol,0.0,UG
"Vitamin A, RAE",0.0,UG
"Folate, food",2.0,UG
Cholesterol,0.0,MG
"Fatty acids, total saturated",0.006,G
SFA 8:0,0.0,G
SFA 12:0,0.0,G
SFA 14:0,0.0,G
PUFA 22:6 n-3 (DHA),0.0,G
MUFA 16:1,0.001,G
PUFA 20:5 n-3 (EPA),0.0,G
PUFA 22:5 n-3 (DPA),0.0,G
Protein,0.06,G
Ash,0.08,G
"Alcohol, ethyl",23.1,G
Energy,777.0,kJ
"Fiber, total dietary",0.1,G
"Iron, Fe",0.09,MG
"Magnesium, Mg",2.0,MG
"Phosphorus, P",5.0,MG
"Sodium, Na",5.0,MG
"Copper, Cu",0.022,MG
"Manganese, Mn",0.015,MG
"Carotene, alpha",0.0,UG
"Cryptoxanthin, beta",0.0,UG
Lycopene,0.0,UG
"Vitamin C, total ascorbic acid",1.6,MG
Thiamin,0.013,MG
Riboflavin,0.005,MG
"Folate, total",2.0,UG
Vitamin B-12,0.0,UG
Total lipid (fat),0.06,G
"Carbohydrate, by difference",6.94,G
Energy,186.0,KCAL
Water,69.7,G
Caffeine,0.0,MG
Theobromine,0.0,MG
"Calcium, Ca",3.0,MG
"Potassium, K",21.0,MG
"Zinc, Zn",0.04,MG
"Selenium, Se",0.1,UG
Lutein + zeaxanthin,0.0,UG
Niacin,0.051,MG
Pantothenic acid,0.017,MG
Vitamin B-6,0.008,MG
Folic acid,0.0,UG
SFA 4:0,0.0,G
SFA 6:0,0.0,G
SFA 10:0,0.0,G
SFA 16:0,0.006,G
SFA 18:0,0.0,G
MUFA 18:1,0.005,G
PUFA 18:2,0.011,G
PUFA 18:3,0.006,G
PUFA 20:4,0.0,G
PUFA 18:4,0.0,G
MUFA 20:1,0.0,G
MUFA 22:1,0.0,G
"Fatty acids, total monounsaturated",0.006,G
"Fatty acids, total polyunsaturated",0.016,G
Vitamin K (phylloquinone),0.1,UG
"Carotene, beta",2.0,UG
"Folate, DFE",2.0,UG
Vitamin E (alpha-tocopherol),0.03,MG
"Sugars, total including NLEA",5.58,G
"Vitamin A, IU",4.0,IU
"Fatty acids, total trans",0.0,G
Energy,1230.0,kJ
Folic acid,0.0,UG
"Folate, DFE",0.0,UG
"Fiber, total dietary",0.0,G
Protein,0.0,G
"Alcohol, ethyl",42.5,G
"Iron, Fe",0.04,MG
"Magnesium, Mg",0.0,MG
"Phosphorus, P",4.0,MG
"Sodium, Na",1.0,MG
"Copper, Cu",0.021,MG
"Manganese, Mn",0.018,MG
"Vitamin A, IU",0.0,IU
"Fatty acids, total saturated",0.0,G
SFA 8:0,0.0,G
SFA 12:0,0.0,G
SFA 14:0,0.0,G
PUFA 22:6 n-3 (DHA),0.0,G
MUFA 16:1,0.0,G
PUFA 20:5 n-3 (EPA),0.0,G
PUFA 22:5 n-3 (DPA),0.0,G
"Vitamin C, total ascorbic acid",0.0,MG
Thiamin,0.006,MG
Riboflavin,0.004,MG
"Folate, total",0.0,UG
Vitamin B-12,0.0,UG
"Folate, food",0.0,UG
Tryptophan,0.0,G
Threonine,0.0,G
Methionine,0.0,G
Phenylalanine,0.0,G
Tyrosine,0.0,G
Alanine,0.0,G
Glutamic acid,0.0,G
Glycine,0.0,G
Proline,0.0,G
Cholesterol,0.0,MG
Total lipid (fat),0.0,G
"Carbohydrate, by difference",0.0,G
Energy,295.0,KCAL
Water,57.5,G
"Calcium, Ca",0.0,MG
"Potassium, K",2.0,MG
"Zinc, Zn",0.04,MG
Isoleucine,0.0,G
Leucine,0.0,G
Lysine,0.0,G
Cystine,0.0,G
Valine,0.0,G
Arginine,0.0,G
Histidine,0.0,G
Aspartic acid,0.0,G
Serine,0.0,G
SFA 4:0,0.0,G
SFA 6:0,0.0,G
SFA 10:0,0.0,G
SFA 16:0,0.0,G
SFA 18:0,0.0,G
MUFA 18:1,0.0,G
PUFA 18:2,0.0,G
PUFA 18:3,0.0,G
PUFA 20:4,0.0,G
PUFA 18:4,0.0,G
MUFA 20:1,0.0,G
MUFA 22:1,0.0,G
"Fatty acids, total monounsaturated",0.0,G
"Fatty acids, total polyunsaturated",0.0,G
Niacin,0.013,MG
Pantothenic acid,0.0,MG
Vitamin B-6,0.001,MG
Retinol,0.0,UG
"Fatty acids, total trans",0.0,G
Ash,0.01,G
"Selenium, Se",0.0,UG
Folic acid,0.0,UG
"Vitamin D (D2 + D3), International Units",0.0,IU
Water,66.6,G
Energy,967.0,kJ
"Calcium, Ca",0.0,MG
"Potassium, K",2.0,MG
"Zinc, Zn",0.04,MG
Niacin,0.013,MG
Pantothenic acid,0.0,MG
Vitamin B-6,0.001,MG
Total lipid (fat),0.0,G
"Carbohydrate, by difference",0.0,G
Energy,231.0,KCAL
Isoleucine,0.0,G
Leucine,0.0,G
Lysine,0.0,G
Cystine,0.0,G
Valine,0.0,G
Arginine,0.0,G
Histidine,0.0,G
Aspartic acid,0.0,G
Serine,0.0,G
SFA 4:0,0.0,G
SFA 6:0,0.0,G
SFA 10:0,0.0,G
SFA 16:0,0.0,G
SFA 18:0,0.0,G
MUFA 18:1,0.0,G
PUFA 18:2,0.0,G
PUFA 18:3,0.0,G
PUFA 20:4,0.0,G
PUFA 18:4,0.0,G
MUFA 20:1,0.0,G
MUFA 22:1,0.0,G
"Fatty acids, total monounsaturated",0.0,G
"Fatty acids, total polyunsaturated",0.0,G
"Fiber, total dietary",0.0,G
"Iron, Fe",0.04,MG
"Magnesium, Mg",0.0,MG
"Phosphorus, P",4.0,MG
"Sodium, Na",1.0,MG
"Copper, Cu",0.021,MG
"Manganese, Mn",0.018,MG
"Vitamin A, IU",0.0,IU
Protein,0.0,G
"Alcohol, ethyl",33.4,G
"Folate, food",0.0,UG
Tryptophan,0.0,G
Threonine,0.0,G
Methionine,0.0,G
Phenylalanine,0.0,G
Tyrosine,0.0,G
Alanine,0.0,G
Glutamic acid,0.0,G
Glycine,0.0,G
Proline,0.0,G
"Vitamin C, total ascorbic acid",0.0,MG
Thiamin,0.006,MG
Riboflavin,0.004,MG
"Folate, total",0.0,UG
Vitamin B-12,0.0,UG
Cholesterol,0.0,MG
"Fatty acids, total saturated",0.0,G
SFA 8:0,0.0,G
SFA 12:0,0.0,G
SFA 14:0,0.0,G
PUFA 22:6 n-3 (DHA),0.0,G
MUFA 16:1,0.0,G
PUFA 20:5 n-3 (EPA),0.0,G
PUFA 22:5 n-3 (DPA),0.0,G
"Vitamin A, RAE",0.0,UG
Ash,0.01,G
Retinol,0.0,UG
"Vitamin B-12, added",0.0,UG
"Vitamin E, added",0.0,MG
"Fatty acids, total trans",0.0,G
Vitamin E (alpha-tocopherol),0.0,MG
Lutein + zeaxanthin,0.0,UG
Caffeine,0.0,MG
Theobromine,0.0,MG
"Sugars, total including NLEA",0.0,G
"Cryptoxanthin, beta",0.0,UG
Lycopene,0.0,UG
Vitamin K (phylloquinone),0.0,UG
"Carotene, beta",0.0,UG
"Carotene, alpha",0.0,UG
Vitamin D (D2 + D3),0.0,UG
"Selenium, Se",0.0,UG
"Folate, DFE",0.0,UG
"Choline, total",0.0,MG
Folic acid,0.0,UG
Vitamin E (alpha-tocopherol),0.0,MG
Lutein + zeaxanthin,0.0,UG
Caffeine,0.0,MG
Theobromine,0.0,MG
"Sugars, total including NLEA",0.0,G
Vitamin K (phylloquinone),0.0,UG
"Cryptoxanthin, beta",0.0,UG
Lycopene,0.0,UG
"Carotene, beta",0.0,UG
"Carotene, alpha",0.0,UG
"Vitamin D (D2 + D3), International Units",0.0,IU
Protein,0.0,G
"Alcohol, ethyl",36.0,G
"Fiber, total dietary",0.0,G
"Iron, Fe",0.04,MG
"Magnesium, Mg",0.0,MG
"Phosphorus, P",4.0,MG
"Sodium, Na",1.0,MG
"Copper, Cu",0.021,MG
"Manganese, Mn",0.018,MG
"Vitamin A, IU",0.0,IU
Cholesterol,0.0,MG
"Vitamin C, total ascorbic acid",0.0,MG
Thiamin,0.006,MG
Riboflavin,0.004,MG
"Folate, total",0.0,UG
Vitamin B-12,0.0,UG
"Folate, food",0.0,UG
Tryptophan,0.0,G
Threonine,0.0,G
Methionine,0.0,G
Phenylalanine,0.0,G
Tyrosine,0.0,G
Alanine,0.0,G
Glutamic acid,0.0,G
Glycine,0.0,G
Proline,0.0,G
"Fatty acids, total saturated",0.0,G
SFA 8:0,0.0,G
SFA 12:0,0.0,G
SFA 14:0,0.0,G
PUFA 22:6 n-3 (DHA),0.0,G
MUFA 16:1,0.0,G
PUFA 20:5 n-3 (EPA),0.0,G
PUFA 22:5 n-3 (DPA),0.0,G
"Calcium, Ca",0.0,MG
"Potassium, K",2.0,MG
"Zinc, Zn",0.04,MG
Total lipid (fat),0.0,G
"Carbohydrate, by difference",0.1,G
Energy,250.0,KCAL
Water,63.9,G
Niacin,0.013,MG
Pantothenic acid,0.0,MG
Vitamin B-6,0.001,MG
Isoleucine,0.0,G
Leucine,0.0,G
Lysine,0.0,G
Cystine,0.0,G
Valine,0.0,G
Arginine,0.0,G
Histidine,0.0,G
Aspartic acid,0.0,G
Serine,0.0,G
SFA 4:0,0.0,G
SFA 6:0,0.0,G
SFA 10:0,0.0,G
SFA 16:0,0.0,G
SFA 18:0,0.0,G
MUFA 18:1,0.0,G
PUFA 18:2,0.0,G
PUFA 18:3,0.0,G
PUFA 20:4,0.0,G
PUFA 18:4,0.0,G
MUFA 20:1,0.0,G
MUFA 22:1,0.0,G
"Fatty acids, total monounsaturated",0.0,G
"Fatty acids, total polyunsaturated",0.0,G
"Vitamin A, RAE",0.0,UG
Ash,0.01,G
Retinol,0.0,UG
"Vitamin E, added",0.0,MG
"Vitamin B-12, added",0.0,UG
"Fatty acids, total trans",0.0,G
Vitamin D (D2 + D3),0.0,UG
"Selenium, Se",0.0,UG
Energy,1050.0,kJ
"Choline, total",0.0,MG
"Folate, DFE",0.0,UG
Folic acid,0.0,UG
"Cryptoxanthin, beta",0.0,UG
Lycopene,0.0,UG
"Carotene, beta",0.0,UG
"Carotene, alpha",0.0,UG
Vitamin K (phylloquinone),0.0,UG
"Sugars, total including NLEA",0.0,G
Vitamin E (alpha-tocopherol),0.0,MG
Lutein + zeaxanthin,0.0,UG
Caffeine,0.0,MG
Theobromine,0.0,MG
"Vitamin D (D2 + D3), International Units",0.0,IU
Total lipid (fat),0.0,G
"Carbohydrate, by difference",0.0,G
Energy,263.0,KCAL
Water,62.1,G
"Calcium, Ca",0.0,MG
"Potassium, K",2.0,MG
"Zinc, Zn",0.04,MG
Niacin,0.013,MG
Pantothenic acid,0.0,MG
Vitamin B-6,0.001,MG
Isoleucine,0.0,G
Leucine,0.0,G
Lysine,0.0,G
Cystine,0.0,G
Valine,0.0,G
Arginine,0.0,G
Histidine,0.0,G
Aspartic acid,0.0,G
Serine,0.0,G
SFA 4:0,0.0,G
SFA 6:0,0.0,G
SFA 10:0,0.0,G
SFA 16:0,0.0,G
SFA 18:0,0.0,G
MUFA 18:1,0.0,G
PUFA 18:2,0.0,G
PUFA 18:3,0.0,G
PUFA 20:4,0.0,G
PUFA 18:4,0.0,G
MUFA 20:1,0.0,G
MUFA 22:1,0.0,G
"Fatty acids, total monounsaturated",0.0,G
"Fatty acids, total polyunsaturated",0.0,G
Protein,0.0,G
"Fiber, total dietary",0.0,G
"Iron, Fe",0.04,MG
"Magnesium, Mg",0.0,MG
"Phosphorus, P",4.0,MG
"Sodium, Na",1.0,MG
"Copper, Cu",0.021,MG
"Manganese, Mn",0.018,MG
"Vitamin A, IU",0.0,IU
"Vitamin C, total ascorbic acid",0.0,MG
Thiamin,0.006,MG
"Alcohol, ethyl",37.9,G
Cholesterol,0.0,MG
"Folate, food",0.0,UG
Tryptophan,0.0,G
Threonine,0.0,G
Methionine,0.0,G
Phenylalanine,0.0,G
Tyrosine,0.0,G
Alanine,0.0,G
Glutamic acid,0.0,G
Glycine,0.0,G
Proline,0.0,G
"Fatty acids, total saturated",0.0,G
SFA 8:0,0.0,G
SFA 12:0,0.0,G
SFA 14:0,0.0,G
PUFA 22:6 n-3 (DHA),0.0,G
MUFA 16:1,0.0,G
PUFA 20:5 n-3 (EPA),0.0,G
PUFA 22:5 n-3 (DPA),0.0,G
Riboflavin,0.004,MG
"Folate, total",0.0,UG
Vitamin B-12,0.0,UG
"Vitamin A, RAE",0.0,UG
Ash,0.01,G
Retinol,0.0,UG
"Fatty acids, total trans",0.0,G
"Vitamin B-12, added",0.0,UG
"Vitamin E, added",0.0,MG
Vitamin D (D2 + D3),0.0,UG
"Selenium, Se",0.0,UG
"Choline, total",0.0,MG
"Folate, DFE",0.0,UG
Energy,1100.0,kJ
Energy,1150.0,kJ
Folic acid,0.0,UG
"Folate, DFE",0.0,UG
"Fiber, total dietary",0.0,G
Niacin,0.013,MG
Pantothenic acid,0.0,MG
Vitamin B-6,0.001,MG
Total lipid (fat),0.0,G
"Carbohydrate, by difference",0.0,G
Energy,275.0,KCAL
Water,60.3,G
"Calcium, Ca",0.0,MG
"Potassium, K",2.0,MG
"Zinc, Zn",0.04,MG
Isoleucine,0.0,G
Leucine,0.0,G
Lysine,0.0,G
Cystine,0.0,G
Valine,0.0,G
Arginine,0.0,G
Histidine,0.0,G
Aspartic acid,0.0,G
Serine,0.0,G
SFA 4:0,0.0,G
SFA 6:0,0.0,G
SFA 10:0,0.0,G
SFA 16:0,0.0,G
SFA 18:0,0.0,G
MUFA 18:1,0.0,G
PUFA 18:2,0.0,G
PUFA 18:3,0.0,G
PUFA 20:4,0.0,G
PUFA 18:4,0.0,G
MUFA 20:1,0.0,G
MUFA 22:1,0.0,G
"Fatty acids, total monounsaturated",0.0,G
"Fatty acids, total polyunsaturated",0.0,G
"Iron, Fe",0.04,MG
"Magnesium, Mg",0.0,MG
"Phosphorus, P",4.0,MG
"Sodium, Na",1.0,MG
Protein,0.0,G
Ash,0.0,G
"Alcohol, ethyl",39.7,G
"Copper, Cu",0.021,MG
"Manganese, Mn",0.018,MG
"Vitamin A, IU",0.0,IU
"Vitamin C, total ascorbic acid",0.0,MG
Thiamin,0.006,MG
Riboflavin,0.004,MG
"Folate, total",0.0,UG
Vitamin B-12,0.0,UG
"Folate, food",0.0,UG
Tryptophan,0.0,G
Threonine,0.0,G
Methionine,0.0,G
Phenylalanine,0.0,G
Tyrosine,0.0,G
Alanine,0.0,G
Glutamic acid,0.0,G
Glycine,0.0,G
Proline,0.0,G
Cholesterol,0.0,MG
"Fatty acids, total saturated",0.0,G
SFA 8:0,0.0,G
SFA 12:0,0.0,G
SFA 14:0,0.0,G
PUFA 22:6 n-3 (DHA),0.0,G
MUFA 16:1,0.0,G
PUFA 20:5 n-3 (EPA),0.0,G
PUFA 22:5 n-3 (DPA),0.0,G
Retinol,0.0,UG
"Vitamin A, RAE",0.0,UG
"Fatty acids, total trans",0.0,G
"Selenium, Se",0.0,UG
Folic acid,0.0,UG
"Vitamin D (D2 + D3), International Units",0.0,IU
Energy,967.0,kJ
"Fiber, total dietary",0.0,G
"Iron, Fe",0.12,MG
"Magnesium, Mg",0.0,MG
"Phosphorus, P",5.0,MG
"Sodium, Na",1.0,MG
"Copper, Cu",0.05,MG
"Manganese, Mn",0.018,MG
"Vitamin A, IU",0.0,IU
"Vitamin C, total ascorbic acid",0.0,MG
Thiamin,0.008,MG
Riboflavin,0.0,MG
Protein,0.0,G
"Alcohol, ethyl",33.4,G
"Folate, total",0.0,UG
Vitamin B-12,0.0,UG
Cholesterol,0.0,MG
"Fatty acids, total saturated",0.0,G
SFA 8:0,0.0,G
SFA 12:0,0.0,G
SFA 14:0,0.0,G
PUFA 22:6 n-3 (DHA),0.0,G
MUFA 16:1,0.0,G
PUFA 20:5 n-3 (EPA),0.0,G
PUFA 22:5 n-3 (DPA),0.0,G
"Folate, food",0.0,UG
Tryptophan,0.0,G
Threonine,0.0,G
Methionine,0.0,G
Phenylalanine,0.0,G
Tyrosine,0.0,G
Alanine,0.0,G
Glutamic acid,0.0,G
Glycine,0.0,G
Proline,0.0,G
Pantothenic acid,0.0,MG
Vitamin B-6,0.0,MG
Isoleucine,0.0,G
Leucine,0.0,G
Lysine,0.0,G
Cystine,0.0,G
Valine,0.0,G
Arginine,0.0,G
Histidine,0.0,G
Aspartic acid,0.0,G
Serine,0.0,G
SFA 4:0,0.0,G
SFA 6:0,0.0,G
SFA 10:0,0.0,G
SFA 16:0,0.0,G
SFA 18:0,0.0,G
MUFA 18:1,0.0,G
PUFA 18:2,0.0,G
PUFA 18:3,0.0,G
PUFA 20:4,0.0,G
PUFA 18:4,0.0,G
MUFA 20:1,0.0,G
MUFA 22:1,0.0,G
"Fatty acids, total monounsaturated",0.0,G
"Fatty acids, total polyunsaturated",0.0,G
Total lipid (fat),0.0,G
"Carbohydrate, by difference",0.0,G
Energy,231.0,KCAL
Water,66.6,G
"Calcium, Ca",0.0,MG
"Potassium, K",2.0,MG
"Zinc, Zn",0.07,MG
Niacin,0.0,MG
Retinol,0.0,UG
"Fatty acids, total trans",0.0,G
Ash,0.01,G
"Vitamin A, RAE",0.0,UG
"Vitamin E, added",0.0,MG
"Vitamin B-12, added",0.0,UG
"Carotene, beta",0.0,UG
"Carotene, alpha",0.0,UG
"Cryptoxanthin, beta",0.0,UG
Lycopene,0.0,UG
Vitamin K (phylloquinone),0.0,UG
Vitamin E (alpha-tocopherol),0.0,MG
Lutein + zeaxanthin,0.0,UG
Caffeine,0.0,MG
Theobromine,0.0,MG
"Sugars, total including NLEA",0.0,G
Vitamin D (D2 + D3),0.0,UG
"Selenium, Se",0.0,UG
"Choline, total",0.0,MG
"Folate, DFE",0.0,UG
Folic acid,0.0,UG
"Fiber, total dietary",0.0,G
Niacin,0.0,MG
Pantothenic acid,0.0,MG
Vitamin B-6,0.0,MG
Total lipid (fat),0.0,G
"Carbohydrate, by difference",0.0,G
Energy,231.0,KCAL
Water,66.6,G
"Calcium, Ca",0.0,MG
"Potassium, K",1.0,MG
"Zinc, Zn",0.0,MG
Isoleucine,0.0,G
Leucine,0.0,G
Lysine,0.0,G
Cystine,0.0,G
Valine,0.0,G
Arginine,0.0,G
Histidine,0.0,G
Aspartic acid,0.0,G
Serine,0.0,G
SFA 4:0,0.0,G
SFA 6:0,0.0,G
SFA 10:0,0.0,G
SFA 16:0,0.0,G
SFA 18:0,0.0,G
MUFA 18:1,0.0,G
PUFA 18:2,0.0,G
PUFA 18:3,0.0,G
PUFA 20:4,0.0,G
PUFA 18:4,0.0,G
MUFA 20:1,0.0,G
MUFA 22:1,0.0,G
"Fatty acids, total monounsaturated",0.0,G
"Fatty acids, total polyunsaturated",0.0,G
Protein,0.0,G
"Alcohol, ethyl",33.4,G
"Iron, Fe",0.01,MG
"Magnesium, Mg",0.0,MG
"Phosphorus, P",5.0,MG
"Sodium, Na",1.0,MG
"Copper, Cu",0.01,MG
"Manganese, Mn",0.0,MG
"Vitamin A, IU",0.0,IU
Cholesterol,0.0,MG
"Fatty acids, total saturated",0.0,G
SFA 8:0,0.0,G
SFA 12:0,0.0,G
SFA 14:0,0.0,G
PUFA 22:6 n-3 (DHA),0.0,G
MUFA 16:1,0.0,G
PUFA 20:5 n-3 (EPA),0.0,G
PUFA 22:5 n-3 (DPA),0.0,G
"Vitamin C, total ascorbic acid",0.0,MG
Thiamin,0.005,MG
Riboflavin,0.007,MG
"Folate, total",0.0,UG
Vitamin B-12,0.0,UG
"Folate, food",0.0,UG
Tryptophan,0.0,G
Threonine,0.0,G
Methionine,0.0,G
Phenylalanine,0.0,G
Tyrosine,0.0,G
Alanine,0.0,G
Glutamic acid,0.0,G
Glycine,0.0,G
Proline,0.0,G
"Folate, DFE",0.0,UG
Retinol,0.0,UG
"Sugars, total including NLEA",0.0,G
Energy,967.0,kJ
"Fatty acids, total trans",0.0,G
Ash,0.01,G
"Vitamin B-12, added",0.0,UG
"Selenium, Se",0.0,UG
Folic acid,0.0,UG
"Fiber, total dietary",0.0,G
Ash,0.0,G
"Alcohol, ethyl",36.0,G
"Vitamin A, IU",0.0,IU
"Vitamin C, total ascorbic acid",0.0,MG
Thiamin,0.008,MG
Riboflavin,0.001,MG
"Folate, total",0.0,UG
Vitamin B-12,0.0,UG
"Fatty acids, total saturated",0.0,G
SFA 8:0,0.0,G
SFA 12:0,0.0,G
SFA 14:0,0.0,G
PUFA 22:6 n-3 (DHA),0.0,G
MUFA 16:1,0.0,G
PUFA 20:5 n-3 (EPA),0.0,G
PUFA 22:5 n-3 (DPA),0.0,G
Cholesterol,0.0,MG
Total lipid (fat),0.0,G
"Carbohydrate, by difference",0.1,G
Water,63.9,G
SFA 4:0,0.0,G
SFA 6:0,0.0,G
SFA 10:0,0.0,G
SFA 16:0,0.0,G
SFA 18:0,0.0,G
MUFA 18:1,0.0,G
PUFA 18:2,0.0,G
PUFA 18:3,0.0,G
PUFA 20:4,0.0,G
PUFA 18:4,0.0,G
MUFA 20:1,0.0,G
MUFA 22:1,0.0,G
"Fatty acids, total monounsaturated",0.0,G
"Fatty acids, total polyunsaturated",0.0,G
Niacin,0.05,MG
Pantothenic acid,0.0,MG
Vitamin B-6,0.0,MG
"Folate, DFE",0.0,UG
Retinol,0.0,UG
"Sugars, total including NLEA",0.1,G
Energy,250.0,KCAL
Protein,0.0,G
"Vitamin A, RAE",0.0,UG
Energy,1050.0,kJ
"Folate, food",0.0,UG
"Vitamin B-12, added",0.0,UG
"Fatty acids, total trans",0.0,G
"Calcium, Ca",0.0,MG
"Potassium, K",1.0,MG
"Zinc, Zn",0.02,MG
"Selenium, Se",0.0,UG
"Iron, Fe",0.02,MG
"Magnesium, Mg",0.0,MG
"Phosphorus, P",3.0,MG
"Sodium, Na",0.0,MG
"Copper, Cu",0.014,MG
"Manganese, Mn",0.008,MG
Caffeine,8.0,MG
Theobromine,0.0,MG
"Selenium, Se",0.4,UG
Vitamin E (alpha-tocopherol),0.45,MG
Lutein + zeaxanthin,0.0,UG
Vitamin B-6,0.011,MG
Folic acid,0.0,UG
"Fiber, total dietary",0.0,G
"Manganese, Mn",0.006,MG
"Vitamin A, IU",620.0,IU
Retinol,171.0,UG
"Vitamin A, RAE",173.0,UG
"Carotene, beta",30.0,UG
"Carotene, alpha",0.0,UG
"Folate, total",2.0,UG
Vitamin B-12,0.08,UG
Vitamin K (phylloquinone),1.3,UG
"Folate, food",2.0,UG
"Cryptoxanthin, beta",0.0,UG
Lycopene,0.0,UG
"Vitamin C, total ascorbic acid",0.2,MG
Thiamin,0.011,MG
Cholesterol,58.0,MG
"Vitamin D (D2 + D3), International Units",0.0,IU
"Vitamin E, added",0.0,MG
Energy,327.0,KCAL
Energy,1370.0,kJ
"Vitamin B-12, added",0.0,UG
Water,46.5,G
Total lipid (fat),15.7,G
"Carbohydrate, by difference",20.9,G
"Calcium, Ca",16.0,MG
"Potassium, K",32.0,MG
"Zinc, Zn",0.16,MG
Niacin,0.078,MG
Pantothenic acid,0.087,MG
Isoleucine,0.17,G
Leucine,0.275,G
Lysine,0.223,G
Cystine,0.026,G
Valine,0.188,G
Arginine,0.102,G
Histidine,0.076,G
Aspartic acid,0.213,G
Serine,0.153,G
SFA 4:0,0.495,G
SFA 6:0,0.294,G
SFA 10:0,0.387,G
SFA 16:0,4.13,G
"Fatty acids, total monounsaturated",4.46,G
"Fatty acids, total polyunsaturated",0.669,G
SFA 18:0,0.358,G
MUFA 18:1,3.89,G
PUFA 18:2,0.439,G
PUFA 18:3,0.232,G
Riboflavin,0.057,MG
Tryptophan,0.04,G
Threonine,0.127,G
Methionine,0.07,G
Phenylalanine,0.136,G
Tyrosine,0.136,G
Alanine,0.097,G
Glutamic acid,0.588,G
Glycine,0.059,G
Proline,0.272,G
Protein,2.8,G
Ash,0.4,G
"Alcohol, ethyl",13.8,G
"Iron, Fe",0.13,MG
"Magnesium, Mg",2.0,MG
"Phosphorus, P",50.0,MG
"Sodium, Na",92.0,MG
"Copper, Cu",0.04,MG
MUFA 16:1,0.34,G
"Fatty acids, total saturated",9.66,G
SFA 8:0,0.17,G
SFA 12:0,0.433,G
SFA 14:0,1.55,G
PUFA 22:6 n-3 (DHA),0.0,G
PUFA 20:5 n-3 (EPA),0.0,G
PUFA 22:5 n-3 (DPA),0.0,G
PUFA 20:4,0.0,G
PUFA 18:4,0.0,G
MUFA 20:1,0.0,G
MUFA 22:1,0.0,G
Vitamin D (D2 + D3),0.0,UG
"Sugars, total including NLEA",19.8,G
"Folate, DFE",2.0,UG
"Choline, total",8.1,MG
"Manganese, Mn",0.014,MG
"Vitamin A, IU",0.0,IU
Retinol,0.0,UG
"Vitamin A, RAE",0.0,UG
"Carotene, beta",0.0,UG
"Carotene, alpha",0.0,UG
"Cryptoxanthin, beta",0.0,UG
Lycopene,0.0,UG
"Folate, total",0.0,UG
Vitamin B-12,0.0,UG
"Folate, food",0.0,UG
Cholesterol,0.0,MG
Vitamin B-6,0.0,MG
Folic acid,0.0,UG
Water,31.0,G
Caffeine,26.0,MG
Vitamin E (alpha-tocopherol),0.0,MG
Lutein + zeaxanthin,0.0,UG
PUFA 20:4,0.0,G
MUFA 22:1,0.0,G
SFA 4:0,0.0,G
SFA 6:0,0.0,G
SFA 10:0,0.0,G
SFA 8:0,0.0,G
SFA 12:0,0.0,G
SFA 14:0,0.0,G
PUFA 22:6 n-3 (DHA),0.0,G
MUFA 16:1,0.0,G
PUFA 20:5 n-3 (EPA),0.0,G
PUFA 22:5 n-3 (DPA),0.0,G
"Vitamin D (D2 + D3), International Units",0.0,IU
Protein,0.1,G
Ash,0.1,G
"Alcohol, ethyl",21.7,G
"Iron, Fe",0.06,MG
"Magnesium, Mg",3.0,MG
"Phosphorus, P",6.0,MG
"Sodium, Na",8.0,MG
"Copper, Cu",0.04,MG
Thiamin,0.004,MG
Riboflavin,0.012,MG
"Fatty acids, total saturated",0.106,G
Total lipid (fat),0.3,G
Niacin,0.144,MG
Pantothenic acid,0.0,MG
"Calcium, Ca",1.0,MG
"Potassium, K",30.0,MG
"Zinc, Zn",0.03,MG
SFA 16:0,0.078,G
SFA 18:0,0.019,G
"Fatty acids, total monounsaturated",0.022,G
Energy,336.0,KCAL
"Sugars, total including NLEA",38.3,G
Energy,1410.0,kJ
"Fatty acids, total trans",0.0,G
Vitamin D (D2 + D3),0.0,UG
Theobromine,0.0,MG
"Vitamin C, total ascorbic acid",0.0,MG
"Fiber, total dietary",0.0,G
"Vitamin B-12, added",0.0,UG
Vitamin K (phylloquinone),0.0,UG
"Fatty acids, total polyunsaturated",0.105,G
PUFA 18:4,0.0,G
MUFA 20:1,0.001,G
"Folate, DFE",0.0,UG
"Vitamin E, added",0.0,MG
"Choline, total",0.8,MG
"Carbohydrate, by difference",46.8,G
MUFA 18:1,0.021,G
PUFA 18:2,0.096,G
PUFA 18:3,0.008,G
"Selenium, Se",0.4,UG
Folic acid,0.0,UG
"Fiber, total dietary",0.0,G
Energy,1290.0,kJ
Water,41.4,G
"Calcium, Ca",1.0,MG
"Potassium, K",30.0,MG
"Zinc, Zn",0.03,MG
Niacin,0.144,MG
Pantothenic acid,0.0,MG
Vitamin B-6,0.0,MG
SFA 16:0,0.078,G
SFA 18:0,0.019,G
MUFA 18:1,0.021,G
PUFA 18:2,0.097,G
PUFA 18:3,0.008,G
MUFA 20:1,0.0,G
"Fatty acids, total monounsaturated",0.022,G
"Fatty acids, total polyunsaturated",0.105,G
Total lipid (fat),0.3,G
"Carbohydrate, by difference",32.2,G
Energy,308.0,KCAL
Protein,0.1,G
Ash,0.1,G
"Alcohol, ethyl",26.0,G
"Vitamin C, total ascorbic acid",0.0,MG
Thiamin,0.004,MG
Riboflavin,0.012,MG
"Folate, total",0.0,UG
Vitamin B-12,0.0,UG
"Folate, food",0.0,UG
"Iron, Fe",0.06,MG
"Magnesium, Mg",3.0,MG
"Phosphorus, P",6.0,MG
"Sodium, Na",8.0,MG
"Copper, Cu",0.04,MG
"Manganese, Mn",0.017,MG
"Vitamin A, IU",0.0,IU
Cholesterol,0.0,MG
"Fatty acids, total saturated",0.106,G
"Folate, DFE",0.0,UG
"Sugars, total including NLEA",32.2,G
Retinol,0.0,UG
"Vitamin A, RAE",0.0,UG
"Fatty acids, total trans",0.0,G
"Vitamin B-12, added",0.0,UG
Caffeine,26.0,MG
Theobromine,0.0,MG
"Selenium, Se",0.3,UG
Caffeine,0.0,MG
Theobromine,0.0,MG
"Sugars, total including NLEA",9.77,G
"Calcium, Ca",4.0,MG
"Potassium, K",27.0,MG
"Zinc, Zn",0.01,MG
"Selenium, Se",0.3,UG
Vitamin E (alpha-tocopherol),0.02,MG
"Vitamin D (D2 + D3), International Units",0.0,IU
Lutein + zeaxanthin,1.0,UG
Niacin,0.225,MG
Pantothenic acid,0.041,MG
Vitamin B-6,0.022,MG
"Choline, total",4.4,MG
Folic acid,0.0,UG
"Folate, DFE",4.0,UG
"Vitamin E, added",0.0,MG
SFA 4:0,0.0,G
SFA 6:0,0.0,G
SFA 10:0,0.0,G
SFA 16:0,0.0,G
SFA 18:0,0.0,G
MUFA 18:1,0.0,G
PUFA 18:2,0.0,G
PUFA 18:3,0.0,G
PUFA 20:4,0.0,G
PUFA 18:4,0.0,G
MUFA 20:1,0.0,G
MUFA 22:1,0.0,G
"Fatty acids, total monounsaturated",0.0,G
"Fatty acids, total polyunsaturated",0.0,G
Sucrose,2.11,G
Glucose,3.55,G
Maltose,0.1,G
Total lipid (fat),0.0,G
"Carbohydrate, by difference",10.1,G
Protein,0.0,G
Ash,0.13,G
Starch,0.0,G
Fructose,3.91,G
Lactose,0.0,G
Galactose,0.0,G
"Fiber, total dietary",0.0,G
"Iron, Fe",0.03,MG
"Magnesium, Mg",4.0,MG
"Phosphorus, P",7.0,MG
"Sodium, Na",5.0,MG
"Copper, Cu",0.008,MG
"Manganese, Mn",0.006,MG
"Vitamin A, IU",0.0,IU
Retinol,0.0,UG
"Vitamin A, RAE",0.0,UG
"Carotene, beta",0.0,UG
"Carotene, alpha",0.0,UG
Vitamin D (D2 + D3),0.0,UG
"Cryptoxanthin, beta",0.0,UG
Lycopene,0.0,UG
"Vitamin C, total ascorbic acid",2.8,MG
Thiamin,0.006,MG
Riboflavin,0.01,MG
"Folate, total",4.0,UG
Vitamin B-12,0.01,UG
Vitamin K (phylloquinone),0.0,UG
"Folate, food",4.0,UG
"Vitamin B-12, added",0.0,UG
Cholesterol,0.0,MG
"Fatty acids, total saturated",0.0,G
SFA 8:0,0.0,G
SFA 12:0,0.0,G
SFA 14:0,0.0,G
PUFA 22:6 n-3 (DHA),0.0,G
MUFA 16:1,0.0,G
PUFA 20:5 n-3 (EPA),0.0,G
PUFA 22:5 n-3 (DPA),0.0,G
"Alcohol, ethyl",4.0,G
Energy,284.0,kJ
Energy,68.0,KCAL
Water,85.7,G
Energy,992.0,kJ
Folic acid,0.0,UG
"Folate, DFE",6.0,UG
Niacin,0.104,MG
Pantothenic acid,0.054,MG
Vitamin B-6,0.017,MG
"Carbohydrate, by difference",27.6,G
Energy,237.0,KCAL
Water,54.9,G
"Calcium, Ca",1.0,MG
"Potassium, K",83.0,MG
"Zinc, Zn",0.2,MG
SFA 6:0,0.044,G
SFA 10:0,0.459,G
SFA 16:0,0.622,G
SFA 18:0,0.211,G
MUFA 18:1,0.442,G
PUFA 18:2,0.137,G
"Fatty acids, total monounsaturated",0.442,G
"Fatty acids, total polyunsaturated",0.137,G
Total lipid (fat),7.6,G
"Fatty acids, total saturated",6.57,G
SFA 8:0,0.57,G
SFA 12:0,3.39,G
SFA 14:0,1.28,G
Protein,0.6,G
Ash,0.3,G
"Alcohol, ethyl",9.0,G
"Fiber, total dietary",0.1,G
"Iron, Fe",0.03,MG
"Magnesium, Mg",6.0,MG
"Phosphorus, P",36.0,MG
"Sodium, Na",71.0,MG
"Copper, Cu",0.087,MG
"Manganese, Mn",0.319,MG
"Vitamin A, IU",24.0,IU
"Vitamin C, total ascorbic acid",1.5,MG
Thiamin,0.017,MG
Riboflavin,0.005,MG
"Folate, total",6.0,UG
Vitamin B-12,0.0,UG
"Folate, food",6.0,UG
Cholesterol,0.0,MG
Retinol,0.0,UG
"Vitamin A, RAE",1.0,UG
"Fatty acids, total trans",0.0,G
"Selenium, Se",0.7,UG
Total lipid (fat),1.88,G
"Carbohydrate, by difference",22.7,G
Energy,174.0,KCAL
Water,65.0,G
Caffeine,0.0,MG
Theobromine,0.0,MG
"Sugars, total including NLEA",22.3,G
"Calcium, Ca",8.0,MG
"Potassium, K",71.0,MG
"Zinc, Zn",0.13,MG
"Selenium, Se",0.7,UG
Vitamin E (alpha-tocopherol),0.02,MG
Lutein + zeaxanthin,0.0,UG
Niacin,0.118,MG
Pantothenic acid,0.061,MG
Vitamin B-6,0.045,MG
Folic acid,0.0,UG
"Folate, DFE",12.0,UG
SFA 4:0,0.0,G
SFA 6:0,0.011,G
SFA 10:0,0.103,G
SFA 16:0,0.158,G
SFA 18:0,0.096,G
MUFA 18:1,0.082,G
PUFA 18:2,0.027,G
PUFA 18:3,0.005,G
PUFA 20:4,0.0,G
PUFA 18:4,0.0,G
MUFA 20:1,0.0,G
MUFA 22:1,0.0,G
"Fatty acids, total monounsaturated",0.082,G
"Fatty acids, total polyunsaturated",0.033,G
Protein,0.42,G
Ash,0.14,G
"Alcohol, ethyl",9.9,G
Energy,728.0,kJ
"Fiber, total dietary",0.3,G
"Iron, Fe",0.21,MG
"Magnesium, Mg",8.0,MG
"Phosphorus, P",7.0,MG
"Sodium, Na",6.0,MG
"Copper, Cu",0.079,MG
"Manganese, Mn",0.528,MG
"Vitamin A, IU",2.0,IU
Retinol,0.0,UG
"Vitamin A, RAE",0.0,UG
"Carotene, beta",1.0,UG
"Carotene, alpha",0.0,UG
"Cryptoxanthin, beta",0.0,UG
Lycopene,0.0,UG
"Vitamin C, total ascorbic acid",4.9,MG
Thiamin,0.029,MG
Riboflavin,0.017,MG
"Folate, total",12.0,UG
Vitamin B-12,0.0,UG
Vitamin K (phylloquinone),0.1,UG
"Folate, food",12.0,UG
Cholesterol,0.0,MG
"Fatty acids, total saturated",1.64,G
SFA 8:0,0.129,G
SFA 12:0,0.818,G
SFA 14:0,0.323,G
PUFA 22:6 n-3 (DHA),0.0,G
MUFA 16:1,0.0,G
PUFA 20:5 n-3 (EPA),0.0,G
PUFA 22:5 n-3 (DPA),0.0,G
"Fatty acids, total trans",0.0,G
SFA 8:0,0.0,G
SFA 12:0,0.0,G
SFA 14:0,0.0,G
PUFA 22:6 n-3 (DHA),0.0,G
MUFA 16:1,0.0,G
PUFA 20:5 n-3 (EPA),0.0,G
PUFA 22:5 n-3 (DPA),0.0,G
SFA 4:0,0.0,G
SFA 6:0,0.0,G
SFA 10:0,0.0,G
SFA 16:0,0.0,G
SFA 18:0,0.0,G
MUFA 18:1,0.0,G
PUFA 18:2,0.0,G
PUFA 18:3,0.0,G
PUFA 20:4,0.0,G
PUFA 18:4,0.0,G
MUFA 20:1,0.0,G
MUFA 22:1,0.0,G
"Sugars, total including NLEA",0.0,G
Vitamin E (alpha-tocopherol),0.0,MG
Lutein + zeaxanthin,0.0,UG
Folic acid,0.0,UG
"Cryptoxanthin, beta",0.0,UG
Lycopene,0.0,UG
"Folate, food",0.0,UG
Ash,0.0,G
Retinol,0.0,UG
"Vitamin A, RAE",0.0,UG
"Carotene, beta",0.0,UG
"Carotene, alpha",0.0,UG
"Vitamin D (D2 + D3), International Units",0.0,IU
Vitamin K (phylloquinone),0.0,UG
"Fatty acids, total trans",0.0,G
"Vitamin E, added",0.0,MG
"Vitamin B-12, added",0.0,UG
Caffeine,0.0,MG
Theobromine,0.0,MG
Vitamin D (D2 + D3),0.0,UG
"Selenium, Se",1.4,UG
Total lipid (fat),0.0,G
"Carbohydrate, by difference",5.0,G
"Folate, DFE",0.0,UG
Niacin,0.0,MG
Vitamin B-6,0.0,MG
"Choline, total",0.0,MG
"Calcium, Ca",5.0,MG
"Potassium, K",25.0,MG
"Zinc, Zn",0.02,MG
Energy,134.0,KCAL
Water,78.4,G
"Fatty acids, total monounsaturated",0.0,G
"Fatty acids, total polyunsaturated",0.0,G
"Alcohol, ethyl",16.1,G
Energy,561.0,kJ
"Fiber, total dietary",0.0,G
"Iron, Fe",0.1,MG
"Magnesium, Mg",6.0,MG
"Phosphorus, P",6.0,MG
"Sodium, Na",2.0,MG
"Copper, Cu",0.009,MG
"Vitamin A, IU",0.0,IU
Cholesterol,0.0,MG
"Vitamin C, total ascorbic acid",0.0,MG
Thiamin,0.0,MG
Riboflavin,0.0,MG
"Folate, total",0.0,UG
Vitamin B-12,0.0,UG
"Fatty acids, total saturated",0.0,G
Protein,0.5,G
Energy,460.0,kJ
Folic acid,0.0,UG
"Folate, DFE",11.0,UG
Protein,0.3,G
Ash,0.1,G
"Alcohol, ethyl",9.4,G
"Vitamin C, total ascorbic acid",19.3,MG
Thiamin,0.038,MG
Riboflavin,0.016,MG
"Folate, total",11.0,UG
Vitamin B-12,0.0,UG
"Folate, food",11.0,UG
Cholesterol,0.0,MG
"Fiber, total dietary",0.0,G
"Iron, Fe",0.02,MG
"Magnesium, Mg",7.0,MG
"Phosphorus, P",10.0,MG
"Sodium, Na",57.0,MG
"Copper, Cu",0.042,MG
"Manganese, Mn",0.014,MG
"Vitamin A, IU",97.0,IU
Total lipid (fat),0.1,G
"Carbohydrate, by difference",11.3,G
Energy,110.0,KCAL
Water,78.8,G
"Calcium, Ca",0.0,MG
"Potassium, K",10.0,MG
"Zinc, Zn",0.6,MG
Niacin,0.19,MG
Pantothenic acid,0.088,MG
Vitamin B-6,0.05,MG
Retinol,0.0,UG
"Vitamin A, RAE",5.0,UG
"Fatty acids, total trans",0.0,G
"Selenium, Se",0.0,UG
Energy,623.0,kJ
Folic acid,0.0,UG
"Folate, DFE",0.0,UG
"Fiber, total dietary",0.0,G
Protein,0.0,G
Ash,0.1,G
"Alcohol, ethyl",14.1,G
"Iron, Fe",0.08,MG
"Magnesium, Mg",1.0,MG
"Phosphorus, P",6.0,MG
"Sodium, Na",20.0,MG
"Copper, Cu",0.009,MG
"Manganese, Mn",0.006,MG
"Vitamin A, IU",13.0,IU
"Vitamin C, total ascorbic acid",1.6,MG
Thiamin,0.011,MG
Riboflavin,0.006,MG
"Folate, total",0.0,UG
Vitamin B-12,0.0,UG
"Folate, food",0.0,UG
Cholesterol,0.0,MG
"Fatty acids, total saturated",0.005,G
SFA 8:0,0.0,G
SFA 12:0,0.0,G
SFA 14:0,0.0,G
PUFA 22:6 n-3 (DHA),0.0,G
MUFA 16:1,0.0,G
PUFA 20:5 n-3 (EPA),0.0,G
PUFA 22:5 n-3 (DPA),0.0,G
Energy,149.0,KCAL
Water,72.6,G
"Calcium, Ca",1.0,MG
"Potassium, K",5.0,MG
"Zinc, Zn",0.06,MG
Niacin,0.02,MG
Pantothenic acid,0.008,MG
Vitamin B-6,0.0,MG
SFA 4:0,0.0,G
SFA 6:0,0.0,G
SFA 10:0,0.0,G
SFA 16:0,0.005,G
SFA 18:0,0.0,G
MUFA 18:1,0.001,G
PUFA 18:2,0.008,G
PUFA 18:3,0.003,G
PUFA 20:4,0.0,G
PUFA 18:4,0.0,G
MUFA 20:1,0.0,G
MUFA 22:1,0.0,G
"Fatty acids, total monounsaturated",0.001,G
"Fatty acids, total polyunsaturated",0.012,G
Total lipid (fat),0.03,G
Retinol,0.0,UG
"Fatty acids, total trans",0.0,G
"Carbohydrate, by difference",13.2,G
"Selenium, Se",0.1,UG
Energy,498.0,kJ
Folic acid,0.0,UG
"Folate, DFE",0.0,UG
Protein,0.0,G
Ash,0.1,G
"Alcohol, ethyl",9.5,G
"Fiber, total dietary",0.1,G
"Iron, Fe",0.01,MG
"Magnesium, Mg",1.0,MG
"Phosphorus, P",6.0,MG
"Sodium, Na",44.0,MG
"Copper, Cu",0.009,MG
"Manganese, Mn",0.006,MG
"Vitamin A, IU",13.0,IU
"Vitamin C, total ascorbic acid",1.6,MG
Thiamin,0.011,MG
Riboflavin,0.006,MG
"Folate, total",0.0,UG
Vitamin B-12,0.0,UG
"Folate, food",0.0,UG
Cholesterol,0.0,MG
Total lipid (fat),0.0,G
"Carbohydrate, by difference",13.4,G
Energy,119.0,KCAL
Water,76.9,G
"Calcium, Ca",0.0,MG
"Potassium, K",11.0,MG
"Zinc, Zn",0.06,MG
Niacin,0.02,MG
Pantothenic acid,0.008,MG
Vitamin B-6,0.0,MG
Retinol,0.0,UG
"Vitamin A, RAE",1.0,UG
"Fatty acids, total trans",0.0,G
"Selenium, Se",0.1,UG
Protein,0.06,G
Ash,0.12,G
"Alcohol, ethyl",14.5,G
Energy,638.0,kJ
"Fiber, total dietary",0.0,G
"Iron, Fe",0.08,MG
"Magnesium, Mg",1.0,MG
"Phosphorus, P",5.0,MG
"Sodium, Na",61.0,MG
"Copper, Cu",0.008,MG
"Manganese, Mn",0.007,MG
"Vitamin A, IU",0.0,IU
Retinol,0.0,UG
"Vitamin A, RAE",0.0,UG
"Carotene, beta",0.0,UG
"Carotene, alpha",0.0,UG
"Cryptoxanthin, beta",0.0,UG
Lycopene,0.0,UG
"Vitamin C, total ascorbic acid",1.6,MG
Thiamin,0.01,MG
Riboflavin,0.008,MG
"Folate, total",0.0,UG
Vitamin B-12,0.0,UG
Vitamin K (phylloquinone),0.0,UG
"Folate, food",0.0,UG
Cholesterol,0.0,MG
"Fatty acids, total saturated",0.005,G
SFA 8:0,0.0,G
SFA 12:0,0.0,G
SFA 14:0,0.0,G
PUFA 22:6 n-3 (DHA),0.0,G
MUFA 16:1,0.0,G
PUFA 20:5 n-3 (EPA),0.0,G
PUFA 22:5 n-3 (DPA),0.0,G
Total lipid (fat),0.06,G
"Carbohydrate, by difference",12.8,G
Energy,153.0,KCAL
Water,72.4,G
Caffeine,0.0,MG
Theobromine,0.0,MG
"Sugars, total including NLEA",12.8,G
"Calcium, Ca",1.0,MG
"Potassium, K",18.0,MG
"Zinc, Zn",0.06,MG
"Selenium, Se",0.2,UG
Vitamin E (alpha-tocopherol),0.0,MG
Lutein + zeaxanthin,0.0,UG
Niacin,0.005,MG
Pantothenic acid,0.008,MG
Vitamin B-6,0.0,MG
Folic acid,0.0,UG
"Folate, DFE",0.0,UG
SFA 4:0,0.0,G
SFA 6:0,0.0,G
SFA 10:0,0.0,G
SFA 16:0,0.005,G
SFA 18:0,0.0,G
MUFA 18:1,0.001,G
PUFA 18:2,0.008,G
PUFA 18:3,0.003,G
PUFA 20:4,0.0,G
PUFA 18:4,0.0,G
MUFA 20:1,0.0,G
MUFA 22:1,0.0,G
"Fatty acids, total monounsaturated",0.001,G
"Fatty acids, total polyunsaturated",0.011,G
"Fatty acids, total trans",0.0,G
Protein,0.1,G
Ash,0.27,G
"Alcohol, ethyl",14.6,G
Energy,684.0,kJ
"Fiber, total dietary",0.0,G
"Vitamin A, IU",5.0,IU
Retinol,0.0,UG
"Vitamin A, RAE",0.0,UG
"Carotene, beta",0.0,UG
"Carotene, alpha",0.0,UG
"Cryptoxanthin, beta",0.0,UG
Lycopene,0.0,UG
"Vitamin C, total ascorbic acid",0.4,MG
Thiamin,0.003,MG
Riboflavin,0.002,MG
"Folate, total",0.0,UG
Vitamin B-12,0.0,UG
Vitamin K (phylloquinone),0.0,UG
"Folate, food",0.0,UG
"Selenium, Se",0.1,UG
Vitamin E (alpha-tocopherol),0.0,MG
Lutein + zeaxanthin,0.0,UG
Niacin,0.005,MG
Pantothenic acid,0.01,MG
Vitamin B-6,0.0,MG
Folic acid,0.0,UG
Total lipid (fat),0.02,G
"Carbohydrate, by difference",15.8,G
Energy,164.0,KCAL
Water,69.2,G
Caffeine,0.0,MG
Theobromine,0.0,MG
"Sugars, total including NLEA",15.8,G
"Fatty acids, total trans",0.0,G
"Calcium, Ca",46.0,MG
"Potassium, K",4.0,MG
"Zinc, Zn",0.04,MG
"Folate, DFE",0.0,UG
"Vitamin E, added",0.0,MG
SFA 4:0,0.0,G
SFA 6:0,0.0,G
SFA 10:0,0.0,G
SFA 16:0,0.002,G
SFA 18:0,0.0,G
MUFA 18:1,0.001,G
PUFA 18:2,0.004,G
PUFA 18:3,0.002,G
PUFA 20:4,0.0,G
PUFA 18:4,0.0,G
MUFA 20:1,0.0,G
MUFA 22:1,0.0,G
"Fatty acids, total monounsaturated",0.001,G
"Fatty acids, total polyunsaturated",0.006,G
"Fatty acids, total saturated",0.003,G
SFA 8:0,0.0,G
SFA 12:0,0.0,G
SFA 14:0,0.0,G
PUFA 22:6 n-3 (DHA),0.0,G
MUFA 16:1,0.0,G
PUFA 20:5 n-3 (EPA),0.0,G
PUFA 22:5 n-3 (DPA),0.0,G
"Vitamin B-12, added",0.0,UG
Cholesterol,0.0,MG
"Iron, Fe",0.08,MG
"Magnesium, Mg",3.0,MG
"Phosphorus, P",4.0,MG
"Sodium, Na",47.0,MG
"Copper, Cu",0.034,MG
"Manganese, Mn",0.007,MG
SFA 8:0,0.0,G
SFA 12:0,0.0,G
SFA 14:0,0.0,G
PUFA 22:6 n-3 (DHA),0.0,G
MUFA 16:1,0.0,G
PUFA 20:5 n-3 (EPA),0.0,G
PUFA 22:5 n-3 (DPA),0.0,G
SFA 4:0,0.0,G
SFA 6:0,0.0,G
SFA 10:0,0.0,G
SFA 16:0,0.0,G
SFA 18:0,0.0,G
MUFA 18:1,0.0,G
PUFA 18:2,0.0,G
PUFA 18:3,0.0,G
PUFA 20:4,0.0,G
PUFA 18:4,0.0,G
MUFA 20:1,0.0,G
MUFA 22:1,0.0,G
Ash,1.0,G
Energy,209.0,kJ
Retinol,0.0,UG
"Vitamin A, RAE",0.0,UG
"Carotene, beta",0.0,UG
"Carotene, alpha",0.0,UG
"Cryptoxanthin, beta",0.0,UG
Lycopene,0.0,UG
Vitamin K (phylloquinone),0.0,UG
"Folate, food",1.0,UG
Lutein + zeaxanthin,0.0,UG
"Carbohydrate, by difference",6.3,G
Energy,50.0,KCAL
"Sugars, total including NLEA",1.55,G
Vitamin E (alpha-tocopherol),0.0,MG
Folic acid,0.0,UG
"Vitamin D (D2 + D3), International Units",0.0,IU
"Sodium, Na",626.0,MG
"Fatty acids, total trans",0.0,G
"Vitamin E, added",0.0,MG
"Vitamin B-12, added",0.0,UG
Caffeine,0.0,MG
Theobromine,0.0,MG
Vitamin D (D2 + D3),0.0,UG
"Selenium, Se",0.2,UG
"Alcohol, ethyl",3.3,G
"Fiber, total dietary",0.0,G
"Iron, Fe",0.4,MG
"Magnesium, Mg",10.0,MG
"Phosphorus, P",15.0,MG
Protein,0.5,G
"Vitamin C, total ascorbic acid",0.0,MG
Thiamin,0.0,MG
Riboflavin,0.01,MG
"Folate, total",1.0,UG
Vitamin B-12,0.0,UG
Cholesterol,0.0,MG
"Fatty acids, total saturated",0.0,G
"Copper, Cu",0.011,MG
"Vitamin A, IU",0.0,IU
"Folate, DFE",1.0,UG
Niacin,0.1,MG
Vitamin B-6,0.02,MG
"Choline, total",5.0,MG
"Fatty acids, total monounsaturated",0.0,G
"Fatty acids, total polyunsaturated",0.0,G
Water,88.9,G
"Calcium, Ca",9.0,MG
"Potassium, K",88.0,MG
"Zinc, Zn",0.08,MG
Total lipid (fat),0.0,G
Folic acid,0.0,UG
"Vitamin C, total ascorbic acid",0.0,MG
Thiamin,0.018,MG
Riboflavin,0.018,MG
"Folate, total",0.0,UG
Vitamin B-12,0.0,UG
Cholesterol,0.0,MG
Protein,0.2,G
Ash,0.3,G
"Alcohol, ethyl",15.3,G
"Fiber, total dietary",0.0,G
"Iron, Fe",0.24,MG
"Magnesium, Mg",9.0,MG
"Phosphorus, P",9.0,MG
"Sodium, Na",9.0,MG
"Copper, Cu",0.045,MG
"Manganese, Mn",0.119,MG
"Vitamin A, IU",0.0,IU
"Fatty acids, total saturated",0.0,G
SFA 8:0,0.0,G
SFA 12:0,0.0,G
SFA 14:0,0.0,G
PUFA 22:6 n-3 (DHA),0.0,G
MUFA 16:1,0.0,G
PUFA 20:5 n-3 (EPA),0.0,G
PUFA 22:5 n-3 (DPA),0.0,G
Niacin,0.213,MG
Pantothenic acid,0.032,MG
Vitamin B-6,0.0,MG
"Calcium, Ca",8.0,MG
"Potassium, K",92.0,MG
"Zinc, Zn",0.07,MG
SFA 4:0,0.0,G
SFA 6:0,0.0,G
SFA 10:0,0.0,G
SFA 16:0,0.0,G
SFA 18:0,0.0,G
MUFA 18:1,0.0,G
PUFA 18:2,0.0,G
PUFA 18:3,0.0,G
PUFA 20:4,0.0,G
PUFA 18:4,0.0,G
MUFA 20:1,0.0,G
MUFA 22:1,0.0,G
"Fatty acids, total monounsaturated",0.0,G
"Fatty acids, total polyunsaturated",0.0,G
Total lipid (fat),0.0,G
Retinol,0.0,UG
"Fatty acids, total trans",0.0,G
"Vitamin B-12, added",0.0,UG
"Vitamin E, added",0.0,MG
Fructose,0.47,G
"Vitamin A, RAE",0.0,UG
"Carotene, beta",0.0,UG
"Carotene, alpha",0.0,UG
"Cryptoxanthin, beta",0.0,UG
Lycopene,0.0,UG
Energy,638.0,kJ
Vitamin K (phylloquinone),0.0,UG
"Folate, food",0.0,UG
"Folate, DFE",0.0,UG
"Selenium, Se",0.5,UG
Vitamin E (alpha-tocopherol),0.0,MG
Lutein + zeaxanthin,0.0,UG
"Carbohydrate, by difference",11.7,G
Energy,152.0,KCAL
Sucrose,0.0,G
Glucose,0.58,G
Maltose,0.1,G
Water,72.5,G
Caffeine,0.0,MG
Theobromine,0.0,MG
"Sugars, total including NLEA",1.09,G
Folic acid,0.0,UG
"Vitamin D (D2 + D3), International Units",0.0,IU
Total lipid (fat),0.0,G
Niacin,0.213,MG
Pantothenic acid,0.032,MG
Vitamin B-6,0.0,MG
"Calcium, Ca",8.0,MG
"Potassium, K",92.0,MG
"Zinc, Zn",0.07,MG
SFA 10:0,0.0,G
SFA 16:0,0.0,G
SFA 18:0,0.0,G
MUFA 18:1,0.0,G
PUFA 18:2,0.0,G
PUFA 18:3,0.0,G
PUFA 20:4,0.0,G
PUFA 18:4,0.0,G
MUFA 20:1,0.0,G
MUFA 22:1,0.0,G
"Fatty acids, total monounsaturated",0.0,G
"Fatty acids, total polyunsaturated",0.0,G
SFA 4:0,0.0,G
SFA 6:0,0.0,G
Cholesterol,0.0,MG
"Fatty acids, total saturated",0.0,G
SFA 8:0,0.0,G
SFA 12:0,0.0,G
SFA 14:0,0.0,G
PUFA 22:6 n-3 (DHA),0.0,G
MUFA 16:1,0.0,G
PUFA 20:5 n-3 (EPA),0.0,G
PUFA 22:5 n-3 (DPA),0.0,G
"Vitamin C, total ascorbic acid",0.0,MG
Thiamin,0.018,MG
Riboflavin,0.018,MG
"Folate, total",0.0,UG
Vitamin B-12,0.0,UG
Protein,0.2,G
Ash,0.3,G
"Alcohol, ethyl",15.3,G
"Fiber, total dietary",0.0,G
"Iron, Fe",0.24,MG
"Magnesium, Mg",9.0,MG
"Phosphorus, P",9.0,MG
"Sodium, Na",9.0,MG
"Copper, Cu",0.045,MG
"Manganese, Mn",0.119,MG
"Vitamin A, IU",0.0,IU
Energy,671.0,kJ
Retinol,0.0,UG
"Fatty acids, total trans",0.0,G
"Vitamin B-12, added",0.0,UG
"Vitamin E, added",0.0,MG
"Choline, total",5.0,MG
"Folate, DFE",0.0,UG
"Vitamin A, RAE",0.0,UG
"Carotene, beta",0.0,UG
"Carotene, alpha",0.0,UG
"Cryptoxanthin, beta",0.0,UG
Lycopene,0.0,UG
Fructose,5.15,G
Vitamin K (phylloquinone),0.0,UG
"Folate, food",0.0,UG
Vitamin E (alpha-tocopherol),0.0,MG
"Carbohydrate, by difference",13.7,G
Energy,160.0,KCAL
Sucrose,0.05,G
Glucose,2.6,G
Water,70.5,G
Caffeine,0.0,MG
Theobromine,0.0,MG
"Sugars, total including NLEA",7.78,G
Lutein + zeaxanthin,0.0,UG
Vitamin D (D2 + D3),0.0,UG
"Selenium, Se",0.5,UG
"Carbohydrate, by difference",1.17,G
"Sugars, total including NLEA",1.15,G
Ash,0.13,G
"Folate, food",1.0,UG
"Vitamin D (D2 + D3), International Units",0.0,IU
Water,92.2,G
"Fatty acids, total trans",0.0,G
Protein,0.07,G
"Vitamin B-12, added",0.0,UG
"Vitamin E, added",0.0,MG
Theobromine,0.0,MG
Folic acid,0.0,UG
Lutein + zeaxanthin,0.0,UG
Niacin,0.1,MG
Vitamin B-6,0.02,MG
"Zinc, Zn",0.08,MG
"Selenium, Se",0.2,UG
Vitamin E (alpha-tocopherol),0.0,MG
Total lipid (fat),0.0,G
Caffeine,0.0,MG
"Calcium, Ca",9.0,MG
"Potassium, K",88.0,MG
SFA 4:0,0.0,G
SFA 6:0,0.0,G
SFA 10:0,0.0,G
SFA 16:0,0.0,G
SFA 18:0,0.0,G
MUFA 18:1,0.0,G
PUFA 18:2,0.0,G
PUFA 18:3,0.0,G
PUFA 20:4,0.0,G
PUFA 18:4,0.0,G
MUFA 20:1,0.0,G
MUFA 22:1,0.0,G
"Fatty acids, total monounsaturated",0.0,G
"Fatty acids, total polyunsaturated",0.0,G
"Fatty acids, total saturated",0.0,G
SFA 8:0,0.0,G
SFA 12:0,0.0,G
SFA 14:0,0.0,G
PUFA 22:6 n-3 (DHA),0.0,G
MUFA 16:1,0.0,G
PUFA 20:5 n-3 (EPA),0.0,G
PUFA 22:5 n-3 (DPA),0.0,G
"Cryptoxanthin, beta",0.0,UG
Lycopene,0.0,UG
"Vitamin C, total ascorbic acid",0.0,MG
Thiamin,0.0,MG
Riboflavin,0.01,MG
"Folate, total",1.0,UG
Vitamin B-12,0.0,UG
Vitamin K (phylloquinone),0.0,UG
"Fiber, total dietary",0.0,G
"Iron, Fe",0.4,MG
"Magnesium, Mg",10.0,MG
"Phosphorus, P",15.0,MG
"Sodium, Na",7.0,MG
"Copper, Cu",0.011,MG
"Vitamin A, IU",0.0,IU
Retinol,0.0,UG
"Vitamin A, RAE",0.0,UG
"Carotene, beta",0.0,UG
"Carotene, alpha",0.0,UG
Cholesterol,0.0,MG
"Alcohol, ethyl",6.4,G
Energy,206.0,kJ
Energy,49.0,KCAL
"Choline, total",5.0,MG
"Folate, DFE",1.0,UG
Vitamin D (D2 + D3),0.0,UG
Folic acid,0.0,UG
"Fiber, total dietary",0.0,G
"Iron, Fe",0.37,MG
"Magnesium, Mg",11.0,MG
"Phosphorus, P",20.0,MG
"Sodium, Na",5.0,MG
"Copper, Cu",0.007,MG
"Manganese, Mn",0.124,MG
"Vitamin C, total ascorbic acid",0.0,MG
Thiamin,0.005,MG
Riboflavin,0.023,MG
"Folate, total",1.0,UG
"Sugars, total including NLEA",0.79,G
"Calcium, Ca",8.0,MG
"Potassium, K",99.0,MG
"Zinc, Zn",0.13,MG
"Selenium, Se",0.2,UG
Niacin,0.166,MG
Pantothenic acid,0.037,MG
Vitamin B-6,0.054,MG
Total lipid (fat),0.0,G
"Vitamin D (D2 + D3), International Units",0.0,IU
"Carbohydrate, by difference",2.72,G
"Fluoride, F",153.0,UG
Ash,0.24,G
"Folate, food",1.0,UG
Vitamin B-12,0.0,UG
"Vitamin A, RAE",0.0,UG
"Alcohol, ethyl",10.4,G
"Vitamin A, IU",0.0,IU
"Fatty acids, total saturated",0.0,G
SFA 8:0,0.0,G
SFA 12:0,0.0,G
SFA 14:0,0.0,G
PUFA 22:6 n-3 (DHA),0.0,G
MUFA 16:1,0.0,G
PUFA 20:5 n-3 (EPA),0.0,G
PUFA 22:5 n-3 (DPA),0.0,G
Cholesterol,0.0,MG
SFA 4:0,0.0,G
SFA 6:0,0.0,G
SFA 10:0,0.0,G
SFA 16:0,0.0,G
SFA 18:0,0.0,G
MUFA 18:1,0.0,G
PUFA 18:2,0.0,G
PUFA 18:3,0.0,G
PUFA 20:4,0.0,G
PUFA 18:4,0.0,G
MUFA 20:1,0.0,G
MUFA 22:1,0.0,G
"Fatty acids, total monounsaturated",0.0,G
"Fatty acids, total polyunsaturated",0.0,G
Retinol,0.0,UG
Water,86.6,G
"Vitamin E, added",0.0,MG
"Vitamin B-12, added",0.0,UG
"Fatty acids, total trans",0.0,G
Energy,83.0,KCAL
"Folate, DFE",1.0,UG
"Choline, total",5.0,MG
Energy,347.0,kJ
Protein,0.07,G
Lutein + zeaxanthin,0.0,UG
Caffeine,0.0,MG
Theobromine,0.0,MG
Vitamin E (alpha-tocopherol),0.0,MG
"Cryptoxanthin, beta",0.0,UG
Lycopene,0.0,UG
"Carotene, beta",0.0,UG
"Carotene, alpha",0.0,UG
Vitamin K (phylloquinone),0.0,UG
Vitamin D (D2 + D3),0.0,UG
